model,method,cv_balanced,cv_macro_f1,cv_weighted_f1,cv_accuracy,cv_balanced_std,cv_macro_f1_std,cv_weighted_f1_std,cv_accuracy_std,optuna_time,train_time,test_balanced,test_macro_f1,test_weighted_f1,test_accuracy,test_roc_auc,inf_time_per_sample,IPC,seed,vae_pretrain_time,vae_fine_tunning_time,encoder_inference_time,decoder_inference_time
xgb,Full-data,0.778,0.798,0.898,0.902,0.008,0.007,0.003,0.003,20.584,0.09,0.769,0.795,0.898,0.903,0.93,1.3e-05,,,,,,
rf,Full-data,0.85,0.786,0.876,0.865,0.009,0.008,0.005,0.007,62.481,1.567,0.859,0.791,0.878,0.867,0.921,2.3e-05,,,,,,
svc,Full-data,0.744,0.77,0.885,0.892,0.005,0.006,0.003,0.003,372.603,16.572,0.771,0.795,0.897,0.902,0.885,0.000258,,,,,,
logreg,Full-data,0.677,0.717,0.866,0.882,0.006,0.005,0.002,0.002,9.183,6.608,0.702,0.746,0.88,0.894,0.902,1e-06,,,,,,
mlp,Full-data,0.767,0.787,0.893,0.897,0.01,0.009,0.004,0.004,72.265,1.957,0.77,0.788,0.893,0.896,0.924,1.1e-05,,,,,,
xgb,random,0.95,0.947,0.947,0.95,0.1,0.107,0.107,0.1,7.395,20.801,0.83,0.793,0.885,0.878,0.883,5.6e-05,10,0,,,,
rf,random,0.75,0.74,0.74,0.75,0.158,0.158,0.158,0.158,24.555,0.542,0.802,0.71,0.819,0.796,0.875,4.7e-05,10,0,,,,
svc,random,0.65,0.6,0.6,0.65,0.255,0.292,0.292,0.255,6.082,0.001,0.71,0.648,0.785,0.759,0.794,2e-06,10,0,,,,
logreg,random,0.65,0.6,0.6,0.65,0.255,0.292,0.292,0.255,5.023,0.007,0.775,0.724,0.84,0.826,0.851,1e-06,10,0,,,,
mlp,random,0.4,0.333,0.333,0.4,0.2,0.207,0.207,0.2,7.057,0.803,0.755,0.685,0.807,0.785,0.828,6.1e-05,10,0,,,,
xgb,k-means,0.95,0.947,0.947,0.95,0.1,0.107,0.107,0.1,7.114,0.032,0.808,0.788,0.885,0.882,0.871,1e-05,10,0,769.449004650116,407.1353461742401,6.270814696077593e-07,0.0014200210571289062
rf,k-means,0.9,0.893,0.893,0.9,0.122,0.131,0.131,0.122,16.34,0.372,0.773,0.741,0.856,0.848,0.866,2.4e-05,10,0,769.449004650116,407.1353461742401,6.270814696077593e-07,0.0014200210571289062
svc,k-means,0.9,0.893,0.893,0.9,0.122,0.131,0.131,0.122,6.225,0.002,0.826,0.739,0.841,0.822,0.892,2e-06,10,0,769.449004650116,407.1353461742401,6.270814696077593e-07,0.0014200210571289062
logreg,k-means,0.95,0.947,0.947,0.95,0.1,0.107,0.107,0.1,6.757,0.007,0.83,0.759,0.857,0.843,0.891,0.0,10,0,769.449004650116,407.1353461742401,6.270814696077593e-07,0.0014200210571289062
mlp,k-means,0.85,0.847,0.847,0.85,0.2,0.202,0.202,0.2,7.126,0.019,0.799,0.704,0.814,0.79,0.873,2.9e-05,10,0,769.449004650116,407.1353461742401,6.270814696077593e-07,0.0014200210571289062
xgb,ag,0.95,0.947,0.947,0.95,0.1,0.107,0.107,0.1,4.159,0.037,0.812,0.801,0.894,0.892,0.812,1.6e-05,10,0,769.449004650116,407.1353461742401,6.270814696077593e-07,0.0013647079467773438
rf,ag,0.95,0.947,0.947,0.95,0.1,0.107,0.107,0.1,15.829,0.349,0.77,0.703,0.822,0.803,0.849,2.4e-05,10,0,769.449004650116,407.1353461742401,6.270814696077593e-07,0.0013647079467773438
svc,ag,0.9,0.893,0.893,0.9,0.122,0.131,0.131,0.122,6.867,0.002,0.808,0.691,0.798,0.769,0.882,2e-06,10,0,769.449004650116,407.1353461742401,6.270814696077593e-07,0.0013647079467773438
logreg,ag,0.9,0.893,0.893,0.9,0.122,0.131,0.131,0.122,6.899,0.005,0.818,0.736,0.84,0.822,0.88,0.0,10,0,769.449004650116,407.1353461742401,6.270814696077593e-07,0.0013647079467773438
mlp,ag,0.7,0.66,0.66,0.7,0.187,0.227,0.227,0.187,8.062,0.044,0.812,0.717,0.824,0.801,0.877,7.3e-05,10,0,769.449004650116,407.1353461742401,6.270814696077593e-07,0.0013647079467773438
xgb,k_center,0.7,0.68,0.68,0.7,0.245,0.261,0.261,0.245,6.78,0.025,0.531,0.287,0.293,0.287,0.767,1.7e-05,10,0,769.449004650116,407.1353461742401,6.270814696077593e-07,0.0013821125030517578
rf,k_center,0.5,0.487,0.487,0.5,0.158,0.169,0.169,0.158,15.95,0.542,0.486,0.191,0.145,0.197,0.636,1.9e-05,10,0,769.449004650116,407.1353461742401,6.270814696077593e-07,0.0013821125030517578
svc,k_center,0.6,0.587,0.587,0.6,0.255,0.267,0.267,0.255,4.868,0.002,0.467,0.167,0.109,0.175,0.648,4e-06,10,0,769.449004650116,407.1353461742401,6.270814696077593e-07,0.0013821125030517578
logreg,k_center,0.65,0.633,0.633,0.65,0.255,0.268,0.268,0.255,6.15,0.005,0.481,0.142,0.062,0.158,0.3,1e-06,10,0,769.449004650116,407.1353461742401,6.270814696077593e-07,0.0013821125030517578
mlp,k_center,0.55,0.527,0.527,0.55,0.292,0.31,0.31,0.292,5.784,0.867,0.483,0.242,0.234,0.242,0.41,1.5e-05,10,0,769.449004650116,407.1353461742401,6.270814696077593e-07,0.0013821125030517578
xgb,craig,0.5,0.333,0.333,0.5,0.0,0.0,0.0,0.0,4.18,0.031,0.5,0.134,0.042,0.155,0.521,2e-06,10,0,769.449004650116,407.1353461742401,6.270814696077593e-07,0.0014586448669433594
rf,craig,0.5,0.333,0.333,0.5,0.0,0.0,0.0,0.0,15.475,0.294,0.5,0.458,0.774,0.845,0.5,1.8e-05,10,0,769.449004650116,407.1353461742401,6.270814696077593e-07,0.0014586448669433594
svc,craig,0.5,0.333,0.333,0.5,0.0,0.0,0.0,0.0,6.841,0.001,0.623,0.46,0.548,0.49,0.282,1e-06,10,0,769.449004650116,407.1353461742401,6.270814696077593e-07,0.0014586448669433594
logreg,craig,0.4,0.333,0.333,0.4,0.374,0.365,0.365,0.374,6.829,0.006,0.694,0.632,0.772,0.744,0.772,0.0,10,0,769.449004650116,407.1353461742401,6.270814696077593e-07,0.0014586448669433594
mlp,craig,0.3,0.2,0.2,0.3,0.245,0.163,0.163,0.245,6.218,0.019,0.656,0.601,0.75,0.719,0.733,3.5e-05,10,0,769.449004650116,407.1353461742401,6.270814696077593e-07,0.0014586448669433594
xgb,lc,1.0,1.0,1.0,1.0,0.0,0.0,0.0,0.0,13.302,0.037,0.387,0.38,0.553,0.481,0.337,4e-06,10,0,769.449004650116,407.1353461742401,6.270814696077593e-07,0.0015721321105957031
rf,lc,0.95,0.947,0.947,0.95,0.1,0.107,0.107,0.1,14.064,0.291,0.281,0.275,0.4,0.32,0.201,1.8e-05,10,0,769.449004650116,407.1353461742401,6.270814696077593e-07,0.0015721321105957031
svc,lc,1.0,1.0,1.0,1.0,0.0,0.0,0.0,0.0,6.858,0.001,0.384,0.322,0.427,0.356,0.337,4e-06,10,0,769.449004650116,407.1353461742401,6.270814696077593e-07,0.0015721321105957031
logreg,lc,1.0,1.0,1.0,1.0,0.0,0.0,0.0,0.0,6.362,0.007,0.347,0.234,0.278,0.239,0.249,0.0,10,0,769.449004650116,407.1353461742401,6.270814696077593e-07,0.0015721321105957031
mlp,lc,1.0,1.0,1.0,1.0,0.0,0.0,0.0,0.0,7.544,0.022,0.342,0.275,0.36,0.296,0.269,9.1e-05,10,0,769.449004650116,407.1353461742401,6.270814696077593e-07,0.0015721321105957031
xgb,random,0.95,0.947,0.947,0.95,0.1,0.107,0.107,0.1,7.609,0.041,0.802,0.803,0.897,0.897,0.849,1.8e-05,10,1,,,,
rf,random,0.85,0.813,0.813,0.85,0.2,0.261,0.261,0.2,13.628,0.21,0.742,0.694,0.822,0.806,0.833,1.4e-05,10,1,,,,
svc,random,0.8,0.787,0.787,0.8,0.292,0.311,0.311,0.292,6.774,0.001,0.769,0.724,0.842,0.83,0.848,3e-06,10,1,,,,
logreg,random,0.8,0.787,0.787,0.8,0.292,0.311,0.311,0.292,6.812,0.007,0.779,0.743,0.856,0.847,0.861,0.0,10,1,,,,
mlp,random,0.55,0.54,0.54,0.55,0.292,0.285,0.285,0.292,8.241,0.047,0.757,0.672,0.794,0.766,0.822,8.5e-05,10,1,,,,
xgb,k-means,0.95,0.947,0.947,0.95,0.1,0.107,0.107,0.1,5.925,0.03,0.828,0.804,0.893,0.89,0.877,3e-06,10,1,886.7392570972443,522.1353929042816,6.296811495276736e-07,0.0015673637390136719
rf,k-means,0.85,0.847,0.847,0.85,0.2,0.202,0.202,0.2,12.102,0.253,0.763,0.687,0.807,0.784,0.829,2.1e-05,10,1,886.7392570972443,522.1353929042816,6.296811495276736e-07,0.0015673637390136719
svc,k-means,0.55,0.413,0.413,0.55,0.1,0.16,0.16,0.1,6.717,0.001,0.64,0.442,0.512,0.461,0.247,3e-06,10,1,886.7392570972443,522.1353929042816,6.296811495276736e-07,0.0015673637390136719
logreg,k-means,0.55,0.5,0.5,0.55,0.187,0.213,0.213,0.187,6.418,0.005,0.671,0.598,0.738,0.701,0.751,0.0,10,1,886.7392570972443,522.1353929042816,6.296811495276736e-07,0.0015673637390136719
mlp,k-means,0.4,0.333,0.333,0.4,0.2,0.183,0.183,0.2,7.588,0.03,0.695,0.611,0.745,0.708,0.751,1.2e-05,10,1,886.7392570972443,522.1353929042816,6.296811495276736e-07,0.0015673637390136719
xgb,ag,0.95,0.947,0.947,0.95,0.1,0.107,0.107,0.1,4.823,0.031,0.811,0.807,0.898,0.898,0.875,3e-06,10,1,886.7392570972443,522.1353929042816,6.296811495276736e-07,0.0014624595642089844
rf,ag,0.95,0.947,0.947,0.95,0.1,0.107,0.107,0.1,15.539,0.159,0.726,0.649,0.779,0.749,0.799,1.7e-05,10,1,886.7392570972443,522.1353929042816,6.296811495276736e-07,0.0014624595642089844
svc,ag,0.75,0.707,0.707,0.75,0.158,0.213,0.213,0.158,6.808,0.002,0.673,0.585,0.719,0.676,0.5,3e-06,10,1,886.7392570972443,522.1353929042816,6.296811495276736e-07,0.0014624595642089844
logreg,ag,0.8,0.787,0.787,0.8,0.1,0.107,0.107,0.1,6.772,0.005,0.655,0.591,0.738,0.702,0.73,1e-06,10,1,886.7392570972443,522.1353929042816,6.296811495276736e-07,0.0014624595642089844
mlp,ag,0.7,0.687,0.687,0.7,0.1,0.093,0.093,0.1,8.058,0.05,0.681,0.606,0.744,0.707,0.744,6.1e-05,10,1,886.7392570972443,522.1353929042816,6.296811495276736e-07,0.0014624595642089844
xgb,k_center,0.7,0.693,0.693,0.7,0.187,0.185,0.185,0.187,5.403,0.027,0.805,0.782,0.881,0.877,0.822,1.7e-05,10,1,886.7392570972443,522.1353929042816,6.296811495276736e-07,0.001584768295288086
rf,k_center,0.6,0.56,0.56,0.6,0.122,0.154,0.154,0.122,15.308,0.289,0.622,0.448,0.529,0.473,0.749,2.1e-05,10,1,886.7392570972443,522.1353929042816,6.296811495276736e-07,0.001584768295288086
svc,k_center,0.5,0.387,0.387,0.5,0.158,0.181,0.181,0.158,6.977,0.001,0.543,0.223,0.179,0.228,0.364,4e-06,10,1,886.7392570972443,522.1353929042816,6.296811495276736e-07,0.001584768295288086
logreg,k_center,0.5,0.467,0.467,0.5,0.316,0.337,0.337,0.316,6.982,0.003,0.555,0.269,0.254,0.27,0.613,0.0,10,1,886.7392570972443,522.1353929042816,6.296811495276736e-07,0.001584768295288086
mlp,k_center,0.25,0.187,0.187,0.25,0.158,0.107,0.107,0.158,7.629,0.049,0.559,0.316,0.332,0.316,0.556,8e-05,10,1,886.7392570972443,522.1353929042816,6.296811495276736e-07,0.001584768295288086
xgb,craig,0.8,0.733,0.733,0.8,0.245,0.327,0.327,0.245,3.565,0.043,0.5,0.458,0.774,0.845,0.5,5e-06,10,1,886.7392570972443,522.1353929042816,6.296811495276736e-07,0.0014569759368896484
rf,craig,0.8,0.733,0.733,0.8,0.245,0.327,0.327,0.245,13.784,0.245,0.5,0.458,0.774,0.845,0.674,1.1e-05,10,1,886.7392570972443,522.1353929042816,6.296811495276736e-07,0.0014569759368896484
svc,craig,0.8,0.733,0.733,0.8,0.245,0.327,0.327,0.245,6.154,0.002,0.5,0.458,0.774,0.845,0.394,2e-06,10,1,886.7392570972443,522.1353929042816,6.296811495276736e-07,0.0014569759368896484
logreg,craig,0.8,0.733,0.733,0.8,0.245,0.327,0.327,0.245,6.269,0.007,0.454,0.438,0.732,0.76,0.63,0.0,10,1,886.7392570972443,522.1353929042816,6.296811495276736e-07,0.0014569759368896484
mlp,craig,0.6,0.467,0.6,0.6,0.2,0.267,0.249,0.2,5.04,0.021,0.504,0.5,0.762,0.788,0.654,6.6e-05,10,1,886.7392570972443,522.1353929042816,6.296811495276736e-07,0.0014569759368896484
xgb,lc,1.0,1.0,1.0,1.0,0.0,0.0,0.0,0.0,15.132,0.027,0.248,0.237,0.341,0.267,0.169,1.4e-05,10,1,886.7392570972443,522.1353929042816,6.296811495276736e-07,0.0021970272064208984
rf,lc,1.0,1.0,1.0,1.0,0.0,0.0,0.0,0.0,13.485,0.25,0.262,0.261,0.385,0.305,0.183,2.1e-05,10,1,886.7392570972443,522.1353929042816,6.296811495276736e-07,0.0021970272064208984
svc,lc,1.0,1.0,1.0,1.0,0.0,0.0,0.0,0.0,5.68,0.002,0.377,0.374,0.55,0.478,0.324,3e-06,10,1,886.7392570972443,522.1353929042816,6.296811495276736e-07,0.0021970272064208984
logreg,lc,1.0,1.0,1.0,1.0,0.0,0.0,0.0,0.0,2.584,0.006,0.307,0.282,0.397,0.32,0.256,0.0,10,1,886.7392570972443,522.1353929042816,6.296811495276736e-07,0.0021970272064208984
mlp,lc,1.0,1.0,1.0,1.0,0.0,0.0,0.0,0.0,7.736,0.021,0.361,0.325,0.448,0.372,0.292,4.7e-05,10,1,886.7392570972443,522.1353929042816,6.296811495276736e-07,0.0021970272064208984
xgb,random,0.9,0.893,0.893,0.9,0.122,0.131,0.131,0.122,6.618,0.033,0.833,0.789,0.881,0.873,0.85,8e-06,10,2,,,,
rf,random,0.8,0.787,0.787,0.8,0.1,0.107,0.107,0.1,14.424,0.451,0.741,0.606,0.719,0.674,0.842,3.5e-05,10,2,,,,
svc,random,0.9,0.893,0.893,0.9,0.122,0.131,0.131,0.122,6.737,0.002,0.792,0.739,0.849,0.836,0.866,4e-06,10,2,,,,
logreg,random,0.9,0.893,0.893,0.9,0.122,0.131,0.131,0.122,6.632,0.008,0.782,0.709,0.824,0.805,0.858,0.0,10,2,,,,
mlp,random,0.85,0.847,0.847,0.85,0.2,0.202,0.202,0.2,7.378,0.05,0.77,0.674,0.791,0.762,0.855,6.8e-05,10,2,,,,
xgb,k-means,1.0,1.0,1.0,1.0,0.0,0.0,0.0,0.0,7.602,0.05,0.81,0.8,0.894,0.892,0.869,1.7e-05,10,2,841.2461051940918,728.8014872074127,5.982701409085437e-07,0.0013766288757324219
rf,k-means,0.9,0.893,0.893,0.9,0.122,0.131,0.131,0.122,16.03,0.335,0.737,0.73,0.857,0.855,0.853,2.4e-05,10,2,841.2461051940918,728.8014872074127,5.982701409085437e-07,0.0013766288757324219
svc,k-means,0.7,0.653,0.653,0.7,0.1,0.16,0.16,0.1,6.941,0.001,0.627,0.404,0.454,0.413,0.498,3e-06,10,2,841.2461051940918,728.8014872074127,5.982701409085437e-07,0.0013766288757324219
logreg,k-means,0.6,0.547,0.547,0.6,0.2,0.232,0.232,0.2,6.476,0.003,0.711,0.628,0.759,0.725,0.765,1e-06,10,2,841.2461051940918,728.8014872074127,5.982701409085437e-07,0.0013766288757324219
mlp,k-means,0.55,0.52,0.52,0.55,0.245,0.261,0.261,0.245,7.772,0.029,0.679,0.602,0.741,0.703,0.746,3e-06,10,2,841.2461051940918,728.8014872074127,5.982701409085437e-07,0.0013766288757324219
xgb,ag,0.9,0.893,0.893,0.9,0.122,0.131,0.131,0.122,5.446,0.068,0.809,0.805,0.898,0.897,0.878,1.7e-05,10,2,841.2461051940918,728.8014872074127,5.982701409085437e-07,0.0014243125915527344
rf,ag,0.8,0.767,0.767,0.8,0.245,0.291,0.291,0.245,15.076,0.25,0.78,0.723,0.838,0.823,0.847,1.7e-05,10,2,841.2461051940918,728.8014872074127,5.982701409085437e-07,0.0014243125915527344
svc,ag,0.45,0.36,0.36,0.45,0.187,0.196,0.196,0.187,6.819,0.002,0.686,0.535,0.64,0.585,0.488,2e-06,10,2,841.2461051940918,728.8014872074127,5.982701409085437e-07,0.0014243125915527344
logreg,ag,0.6,0.547,0.547,0.6,0.2,0.232,0.232,0.2,6.906,0.005,0.718,0.604,0.725,0.682,0.768,1e-06,10,2,841.2461051940918,728.8014872074127,5.982701409085437e-07,0.0014243125915527344
mlp,ag,0.35,0.293,0.293,0.35,0.255,0.244,0.244,0.255,7.562,0.05,0.69,0.577,0.701,0.653,0.752,5.2e-05,10,2,841.2461051940918,728.8014872074127,5.982701409085437e-07,0.0014243125915527344
xgb,k_center,0.7,0.627,0.627,0.7,0.187,0.259,0.259,0.187,7.703,0.249,0.741,0.668,0.794,0.769,0.798,2e-06,10,2,841.2461051940918,728.8014872074127,5.982701409085437e-07,0.0015494823455810547
rf,k_center,0.6,0.553,0.553,0.6,0.255,0.286,0.286,0.255,16.059,0.195,0.641,0.519,0.636,0.578,0.719,1.3e-05,10,2,841.2461051940918,728.8014872074127,5.982701409085437e-07,0.0015494823455810547
svc,k_center,0.6,0.52,0.52,0.6,0.255,0.299,0.299,0.255,6.78,0.002,0.586,0.342,0.366,0.344,0.5,9e-06,10,2,841.2461051940918,728.8014872074127,5.982701409085437e-07,0.0015494823455810547
logreg,k_center,0.6,0.547,0.547,0.6,0.2,0.232,0.232,0.2,2.773,0.002,0.581,0.35,0.382,0.354,0.681,1e-06,10,2,841.2461051940918,728.8014872074127,5.982701409085437e-07,0.0015494823455810547
mlp,k_center,0.45,0.36,0.36,0.45,0.187,0.196,0.196,0.187,7.52,0.018,0.636,0.487,0.588,0.529,0.684,3.9e-05,10,2,841.2461051940918,728.8014872074127,5.982701409085437e-07,0.0015494823455810547
xgb,craig,0.6,0.467,0.467,0.6,0.2,0.267,0.267,0.2,4.205,0.036,0.781,0.697,0.812,0.788,0.804,1.7e-05,10,2,841.2461051940918,728.8014872074127,5.982701409085437e-07,0.0013566017150878906
rf,craig,0.8,0.733,0.733,0.8,0.245,0.327,0.327,0.245,17.227,0.139,0.61,0.357,0.383,0.359,0.856,1.2e-05,10,2,841.2461051940918,728.8014872074127,5.982701409085437e-07,0.0013566017150878906
svc,craig,0.7,0.6,0.667,0.7,0.245,0.327,0.298,0.245,6.408,0.001,0.659,0.491,0.583,0.526,0.785,2e-06,10,2,841.2461051940918,728.8014872074127,5.982701409085437e-07,0.0013566017150878906
logreg,craig,0.7,0.6,0.667,0.7,0.245,0.327,0.298,0.245,7.052,0.006,0.683,0.488,0.568,0.514,0.841,1e-06,10,2,841.2461051940918,728.8014872074127,5.982701409085437e-07,0.0013566017150878906
mlp,craig,0.7,0.6,0.667,0.7,0.245,0.327,0.298,0.245,5.841,0.017,0.654,0.438,0.499,0.452,0.867,2e-06,10,2,841.2461051940918,728.8014872074127,5.982701409085437e-07,0.0013566017150878906
xgb,lc,1.0,1.0,1.0,1.0,0.0,0.0,0.0,0.0,13.569,0.03,0.27,0.13,0.121,0.131,0.178,2.2e-05,10,2,841.2461051940918,728.8014872074127,5.982701409085437e-07,0.0014081001281738281
rf,lc,0.95,0.947,0.947,0.95,0.1,0.107,0.107,0.1,15.653,0.251,0.297,0.238,0.312,0.253,0.22,1.7e-05,10,2,841.2461051940918,728.8014872074127,5.982701409085437e-07,0.0014081001281738281
svc,lc,1.0,1.0,1.0,1.0,0.0,0.0,0.0,0.0,6.976,0.001,0.386,0.351,0.486,0.41,0.331,4e-06,10,2,841.2461051940918,728.8014872074127,5.982701409085437e-07,0.0014081001281738281
logreg,lc,1.0,1.0,1.0,1.0,0.0,0.0,0.0,0.0,2.763,0.007,0.375,0.352,0.497,0.42,0.358,0.0,10,2,841.2461051940918,728.8014872074127,5.982701409085437e-07,0.0014081001281738281
mlp,lc,0.95,0.947,0.947,0.95,0.1,0.107,0.107,0.1,5.769,0.042,0.405,0.396,0.573,0.504,0.383,7.7e-05,10,2,841.2461051940918,728.8014872074127,5.982701409085437e-07,0.0014081001281738281
xgb,random,0.6,0.587,0.587,0.6,0.3,0.293,0.293,0.3,6.751,0.022,0.73,0.582,0.69,0.641,0.807,4e-06,10,3,,,,
rf,random,0.75,0.733,0.733,0.75,0.274,0.292,0.292,0.274,14.275,0.099,0.721,0.602,0.721,0.676,0.798,1.1e-05,10,3,,,,
svc,random,0.8,0.793,0.793,0.8,0.187,0.189,0.189,0.187,6.758,0.002,0.709,0.634,0.768,0.736,0.779,4e-06,10,3,,,,
logreg,random,0.8,0.793,0.793,0.8,0.187,0.189,0.189,0.187,6.936,0.009,0.734,0.643,0.768,0.735,0.803,1e-06,10,3,,,,
mlp,random,0.8,0.793,0.793,0.8,0.187,0.189,0.189,0.187,7.178,0.048,0.71,0.598,0.721,0.676,0.797,6e-05,10,3,,,,
xgb,k-means,0.95,0.947,0.947,0.95,0.1,0.107,0.107,0.1,7.221,0.025,0.843,0.797,0.886,0.878,0.878,1.2e-05,10,3,288.6225483417511,300.2734830379486,5.681482297703631e-07,0.0013773441314697266
rf,k-means,0.85,0.813,0.813,0.85,0.2,0.261,0.261,0.2,16.519,0.33,0.726,0.661,0.792,0.768,0.816,2e-05,10,3,288.6225483417511,300.2734830379486,5.681482297703631e-07,0.0013773441314697266
svc,k-means,0.65,0.64,0.64,0.65,0.339,0.336,0.336,0.339,7.201,0.002,0.692,0.612,0.747,0.71,0.256,2e-06,10,3,288.6225483417511,300.2734830379486,5.681482297703631e-07,0.0013773441314697266
logreg,k-means,0.65,0.613,0.613,0.65,0.374,0.392,0.392,0.374,6.149,0.006,0.713,0.643,0.778,0.749,0.784,0.0,10,3,288.6225483417511,300.2734830379486,5.681482297703631e-07,0.0013773441314697266
mlp,k-means,0.6,0.593,0.593,0.6,0.339,0.336,0.336,0.339,6.699,0.049,0.696,0.619,0.755,0.721,0.76,4.6e-05,10,3,288.6225483417511,300.2734830379486,5.681482297703631e-07,0.0013773441314697266
xgb,ag,1.0,1.0,1.0,1.0,0.0,0.0,0.0,0.0,4.874,0.021,0.814,0.796,0.89,0.887,0.854,2.2e-05,10,3,288.6225483417511,300.2734830379486,5.681482297703631e-07,0.0013399124145507812
rf,ag,0.95,0.947,0.947,0.95,0.1,0.107,0.107,0.1,14.858,0.298,0.762,0.704,0.825,0.808,0.844,1.8e-05,10,3,288.6225483417511,300.2734830379486,5.681482297703631e-07,0.0013399124145507812
svc,ag,0.7,0.68,0.68,0.7,0.245,0.261,0.261,0.245,6.755,0.002,0.694,0.583,0.707,0.66,0.24,3e-06,10,3,288.6225483417511,300.2734830379486,5.681482297703631e-07,0.0013399124145507812
logreg,ag,0.7,0.68,0.68,0.7,0.245,0.261,0.261,0.245,6.992,0.005,0.691,0.627,0.767,0.737,0.761,0.0,10,3,288.6225483417511,300.2734830379486,5.681482297703631e-07,0.0013399124145507812
mlp,ag,0.6,0.593,0.593,0.6,0.122,0.114,0.114,0.122,6.588,0.037,0.715,0.616,0.742,0.702,0.774,4.7e-05,10,3,288.6225483417511,300.2734830379486,5.681482297703631e-07,0.0013399124145507812
xgb,k_center,0.6,0.527,0.527,0.6,0.122,0.179,0.179,0.122,5.381,0.029,0.641,0.675,0.848,0.869,0.646,1.6e-05,10,3,288.6225483417511,300.2734830379486,5.681482297703631e-07,0.0013163089752197266
rf,k_center,0.35,0.24,0.24,0.35,0.2,0.131,0.131,0.2,14.346,0.291,0.517,0.363,0.432,0.379,0.661,1.5e-05,10,3,288.6225483417511,300.2734830379486,5.681482297703631e-07,0.0013163089752197266
svc,k_center,0.5,0.44,0.44,0.5,0.224,0.244,0.244,0.224,6.388,0.002,0.566,0.276,0.262,0.277,0.394,4e-06,10,3,288.6225483417511,300.2734830379486,5.681482297703631e-07,0.0013163089752197266
logreg,k_center,0.45,0.393,0.393,0.45,0.187,0.203,0.203,0.187,6.827,0.006,0.562,0.288,0.283,0.288,0.626,0.0,10,3,288.6225483417511,300.2734830379486,5.681482297703631e-07,0.0013163089752197266
mlp,k_center,0.25,0.187,0.187,0.25,0.158,0.107,0.107,0.158,4.917,0.028,0.565,0.283,0.274,0.283,0.572,8.4e-05,10,3,288.6225483417511,300.2734830379486,5.681482297703631e-07,0.0013163089752197266
xgb,craig,0.8,0.733,0.733,0.8,0.245,0.327,0.327,0.245,4.196,0.036,0.5,0.458,0.774,0.845,0.5,1.3e-05,10,3,288.6225483417511,300.2734830379486,5.681482297703631e-07,0.0015249252319335938
rf,craig,0.8,0.733,0.733,0.8,0.245,0.327,0.327,0.245,15.971,0.305,0.5,0.458,0.774,0.845,0.5,2e-05,10,3,288.6225483417511,300.2734830379486,5.681482297703631e-07,0.0015249252319335938
svc,craig,0.8,0.733,0.733,0.8,0.245,0.327,0.327,0.245,6.771,0.001,0.5,0.458,0.774,0.844,0.508,2e-06,10,3,288.6225483417511,300.2734830379486,5.681482297703631e-07,0.0015249252319335938
logreg,craig,0.8,0.733,0.733,0.8,0.245,0.327,0.327,0.245,6.301,0.007,0.454,0.438,0.732,0.76,0.519,0.0,10,3,288.6225483417511,300.2734830379486,5.681482297703631e-07,0.0015249252319335938
mlp,craig,0.5,0.333,0.533,0.5,0.0,0.0,0.163,0.0,7.069,0.014,0.458,0.448,0.731,0.753,0.458,2.3e-05,10,3,288.6225483417511,300.2734830379486,5.681482297703631e-07,0.0015249252319335938
xgb,lc,0.95,0.947,0.947,0.95,0.1,0.107,0.107,0.1,13.524,0.047,0.169,0.13,0.17,0.134,0.123,3e-06,10,3,288.6225483417511,300.2734830379486,5.681482297703631e-07,0.0013172626495361328
rf,lc,0.9,0.893,0.893,0.9,0.122,0.131,0.131,0.122,17.117,0.3,0.214,0.168,0.219,0.174,0.144,1.9e-05,10,3,288.6225483417511,300.2734830379486,5.681482297703631e-07,0.0013172626495361328
svc,lc,1.0,1.0,1.0,1.0,0.0,0.0,0.0,0.0,6.999,0.001,0.442,0.248,0.26,0.248,0.303,4e-06,10,3,288.6225483417511,300.2734830379486,5.681482297703631e-07,0.0013172626495361328
logreg,lc,1.0,1.0,1.0,1.0,0.0,0.0,0.0,0.0,5.104,0.005,0.442,0.23,0.228,0.23,0.279,0.0,10,3,288.6225483417511,300.2734830379486,5.681482297703631e-07,0.0013172626495361328
mlp,lc,1.0,1.0,1.0,1.0,0.0,0.0,0.0,0.0,7.465,0.041,0.443,0.252,0.268,0.253,0.346,3.4e-05,10,3,288.6225483417511,300.2734830379486,5.681482297703631e-07,0.0013172626495361328
xgb,random,0.75,0.707,0.707,0.75,0.158,0.213,0.213,0.158,7.533,0.038,0.655,0.61,0.764,0.738,0.751,1.4e-05,10,4,,,,
rf,random,0.75,0.713,0.713,0.75,0.224,0.266,0.266,0.224,13.948,0.163,0.644,0.601,0.758,0.731,0.729,1.3e-05,10,4,,,,
svc,random,0.7,0.653,0.653,0.7,0.292,0.333,0.333,0.292,6.981,0.002,0.617,0.42,0.485,0.436,0.321,5e-06,10,4,,,,
logreg,random,0.8,0.787,0.787,0.8,0.1,0.107,0.107,0.1,6.955,0.007,0.694,0.659,0.804,0.789,0.766,0.0,10,4,,,,
mlp,random,0.7,0.693,0.693,0.7,0.187,0.185,0.185,0.187,7.778,0.022,0.652,0.612,0.768,0.744,0.759,4e-05,10,4,,,,
xgb,k-means,0.95,0.947,0.947,0.95,0.1,0.107,0.107,0.1,7.512,0.053,0.794,0.792,0.891,0.891,0.878,2e-05,10,4,619.435201883316,737.6220080852509,5.801798062592227e-07,0.0014483928680419922
rf,k-means,0.8,0.787,0.787,0.8,0.1,0.107,0.107,0.1,11.262,0.171,0.718,0.727,0.86,0.863,0.865,1.1e-05,10,4,619.435201883316,737.6220080852509,5.801798062592227e-07,0.0014483928680419922
svc,k-means,0.75,0.747,0.747,0.75,0.224,0.224,0.224,0.224,6.897,0.001,0.77,0.728,0.846,0.835,0.839,3e-06,10,4,619.435201883316,737.6220080852509,5.801798062592227e-07,0.0014483928680419922
logreg,k-means,0.7,0.68,0.68,0.7,0.245,0.261,0.261,0.245,6.88,0.008,0.768,0.687,0.805,0.781,0.858,0.0,10,4,619.435201883316,737.6220080852509,5.801798062592227e-07,0.0014483928680419922
mlp,k-means,0.5,0.48,0.48,0.5,0.274,0.293,0.293,0.274,5.412,0.05,0.744,0.689,0.816,0.798,0.829,0.000102,10,4,619.435201883316,737.6220080852509,5.801798062592227e-07,0.0014483928680419922
xgb,ag,1.0,1.0,1.0,1.0,0.0,0.0,0.0,0.0,4.73,0.048,0.811,0.807,0.898,0.898,0.852,1.3e-05,10,4,619.435201883316,737.6220080852509,5.801798062592227e-07,0.00146484375
rf,ag,0.75,0.707,0.707,0.75,0.158,0.213,0.213,0.158,13.549,0.284,0.767,0.678,0.796,0.769,0.842,1.9e-05,10,4,619.435201883316,737.6220080852509,5.801798062592227e-07,0.00146484375
svc,ag,0.55,0.467,0.467,0.55,0.187,0.223,0.223,0.187,6.945,0.002,0.715,0.562,0.668,0.616,0.5,4e-06,10,4,619.435201883316,737.6220080852509,5.801798062592227e-07,0.00146484375
logreg,ag,0.6,0.553,0.553,0.6,0.255,0.286,0.286,0.255,6.798,0.006,0.691,0.629,0.77,0.741,0.777,0.0,10,4,619.435201883316,737.6220080852509,5.801798062592227e-07,0.00146484375
mlp,ag,0.35,0.327,0.327,0.35,0.255,0.259,0.259,0.255,7.588,0.027,0.702,0.638,0.776,0.749,0.767,7e-05,10,4,619.435201883316,737.6220080852509,5.801798062592227e-07,0.00146484375
xgb,k_center,0.65,0.613,0.613,0.65,0.2,0.232,0.232,0.2,4.922,0.044,0.487,0.166,0.101,0.177,0.601,1.7e-05,10,4,619.435201883316,737.6220080852509,5.801798062592227e-07,0.001360177993774414
rf,k_center,0.7,0.687,0.687,0.7,0.292,0.307,0.307,0.292,13.637,0.206,0.49,0.153,0.077,0.167,0.565,1.6e-05,10,4,619.435201883316,737.6220080852509,5.801798062592227e-07,0.001360177993774414
svc,k_center,0.65,0.58,0.58,0.65,0.2,0.256,0.256,0.2,5.199,0.002,0.5,0.135,0.043,0.156,0.639,3e-06,10,4,619.435201883316,737.6220080852509,5.801798062592227e-07,0.001360177993774414
logreg,k_center,0.7,0.653,0.653,0.7,0.292,0.333,0.333,0.292,6.866,0.006,0.478,0.136,0.053,0.153,0.369,0.0,10,4,619.435201883316,737.6220080852509,5.801798062592227e-07,0.001360177993774414
mlp,k_center,0.45,0.427,0.427,0.45,0.367,0.376,0.376,0.367,7.191,0.027,0.517,0.259,0.25,0.259,0.554,8.6e-05,10,4,619.435201883316,737.6220080852509,5.801798062592227e-07,0.001360177993774414
xgb,craig,0.8,0.733,0.733,0.8,0.245,0.327,0.327,0.245,4.081,0.091,0.5,0.458,0.774,0.845,0.5,1.7e-05,10,4,619.435201883316,737.6220080852509,5.801798062592227e-07,0.0013637542724609375
rf,craig,0.8,0.733,0.733,0.8,0.245,0.327,0.327,0.245,14.009,0.448,0.5,0.458,0.774,0.845,0.5,2.4e-05,10,4,619.435201883316,737.6220080852509,5.801798062592227e-07,0.0013637542724609375
svc,craig,0.8,0.733,0.733,0.8,0.245,0.327,0.327,0.245,4.207,0.001,0.5,0.458,0.774,0.845,0.389,1e-06,10,4,619.435201883316,737.6220080852509,5.801798062592227e-07,0.0013637542724609375
logreg,craig,0.8,0.733,0.733,0.8,0.245,0.327,0.327,0.245,6.101,0.005,0.492,0.454,0.768,0.832,0.528,0.0,10,4,619.435201883316,737.6220080852509,5.801798062592227e-07,0.0013637542724609375
mlp,craig,0.7,0.6,0.667,0.7,0.245,0.327,0.298,0.245,6.946,0.025,0.516,0.508,0.778,0.818,0.642,3.9e-05,10,4,619.435201883316,737.6220080852509,5.801798062592227e-07,0.0013637542724609375
xgb,lc,0.95,0.947,0.947,0.95,0.1,0.107,0.107,0.1,13.81,0.16,0.321,0.332,0.502,0.423,0.229,2.3e-05,10,4,619.435201883316,737.6220080852509,5.801798062592227e-07,0.0013799667358398438
rf,lc,0.95,0.947,0.947,0.95,0.1,0.107,0.107,0.1,16.584,0.423,0.262,0.265,0.394,0.312,0.173,2.1e-05,10,4,619.435201883316,737.6220080852509,5.801798062592227e-07,0.0013799667358398438
svc,lc,0.95,0.947,0.947,0.95,0.1,0.107,0.107,0.1,6.373,0.002,0.34,0.305,0.423,0.347,0.28,3e-06,10,4,619.435201883316,737.6220080852509,5.801798062592227e-07,0.0013799667358398438
logreg,lc,0.9,0.867,0.867,0.9,0.2,0.267,0.267,0.2,6.753,0.005,0.289,0.241,0.324,0.26,0.204,0.0,10,4,619.435201883316,737.6220080852509,5.801798062592227e-07,0.0013799667358398438
mlp,lc,0.9,0.867,0.867,0.9,0.2,0.267,0.267,0.2,7.002,0.026,0.337,0.329,0.479,0.399,0.316,8.5e-05,10,4,619.435201883316,737.6220080852509,5.801798062592227e-07,0.0013799667358398438
xgb,random,0.9,0.896,0.896,0.9,0.094,0.099,0.099,0.094,5.527,0.142,0.821,0.762,0.862,0.85,0.878,1.7e-05,20,0,,,,
rf,random,0.825,0.82,0.82,0.825,0.127,0.131,0.131,0.127,16.856,0.348,0.791,0.706,0.818,0.796,0.865,2.7e-05,20,0,,,,
svc,random,0.75,0.736,0.736,0.75,0.137,0.148,0.148,0.137,7.029,0.003,0.767,0.727,0.845,0.834,0.83,5e-06,20,0,,,,
logreg,random,0.825,0.817,0.817,0.825,0.17,0.182,0.182,0.17,6.31,0.007,0.751,0.696,0.821,0.804,0.826,1e-06,20,0,,,,
mlp,random,0.775,0.774,0.774,0.775,0.146,0.145,0.145,0.146,6.144,0.777,0.744,0.677,0.804,0.781,0.814,5.6e-05,20,0,,,,
xgb,k-means,0.875,0.874,0.874,0.875,0.079,0.079,0.079,0.079,7.61,0.019,0.832,0.805,0.893,0.889,0.884,1.7e-05,20,0,549.6373167037964,766.7317442893982,5.542044920180954e-07,0.0013954639434814453
rf,k-means,0.825,0.821,0.821,0.825,0.1,0.102,0.102,0.1,16.476,0.366,0.763,0.723,0.843,0.831,0.853,3.1e-05,20,0,549.6373167037964,766.7317442893982,5.542044920180954e-07,0.0013954639434814453
svc,k-means,0.775,0.762,0.762,0.775,0.094,0.113,0.113,0.094,6.777,0.003,0.711,0.612,0.739,0.699,0.784,4e-06,20,0,549.6373167037964,766.7317442893982,5.542044920180954e-07,0.0013954639434814453
logreg,k-means,0.725,0.721,0.721,0.725,0.122,0.121,0.121,0.122,6.084,0.005,0.703,0.632,0.768,0.737,0.766,0.0,20,0,549.6373167037964,766.7317442893982,5.542044920180954e-07,0.0013954639434814453
mlp,k-means,0.675,0.657,0.657,0.675,0.061,0.072,0.072,0.061,7.148,0.032,0.719,0.624,0.751,0.714,0.783,4.7e-05,20,0,549.6373167037964,766.7317442893982,5.542044920180954e-07,0.0013954639434814453
xgb,ag,0.875,0.873,0.873,0.875,0.137,0.139,0.139,0.137,4.144,0.01,0.829,0.81,0.897,0.895,0.884,1.7e-05,20,0,549.6373167037964,766.7317442893982,5.542044920180954e-07,0.0014491081237792969
rf,ag,0.825,0.822,0.822,0.825,0.1,0.102,0.102,0.1,16.758,0.374,0.761,0.728,0.848,0.839,0.847,2.5e-05,20,0,549.6373167037964,766.7317442893982,5.542044920180954e-07,0.0014491081237792969
svc,ag,0.725,0.72,0.72,0.725,0.146,0.145,0.145,0.146,6.854,0.002,0.698,0.548,0.655,0.601,0.795,2e-06,20,0,549.6373167037964,766.7317442893982,5.542044920180954e-07,0.0014491081237792969
logreg,ag,0.825,0.823,0.823,0.825,0.127,0.129,0.129,0.127,6.359,0.008,0.707,0.544,0.645,0.591,0.808,1e-06,20,0,549.6373167037964,766.7317442893982,5.542044920180954e-07,0.0014491081237792969
mlp,ag,0.7,0.688,0.688,0.7,0.127,0.137,0.137,0.127,8.288,0.057,0.704,0.585,0.706,0.659,0.776,7.5e-05,20,0,549.6373167037964,766.7317442893982,5.542044920180954e-07,0.0014491081237792969
xgb,k_center,0.675,0.664,0.664,0.675,0.1,0.11,0.11,0.1,7.338,0.05,0.66,0.539,0.657,0.603,0.733,8e-06,20,0,549.6373167037964,766.7317442893982,5.542044920180954e-07,0.001447916030883789
rf,k_center,0.575,0.554,0.554,0.575,0.17,0.172,0.172,0.17,14.747,0.219,0.786,0.777,0.882,0.88,0.787,2.1e-05,20,0,549.6373167037964,766.7317442893982,5.542044920180954e-07,0.001447916030883789
svc,k_center,0.625,0.563,0.563,0.625,0.079,0.13,0.13,0.079,5.622,0.003,0.543,0.546,0.771,0.78,0.564,7e-06,20,0,549.6373167037964,766.7317442893982,5.542044920180954e-07,0.001447916030883789
logreg,k_center,0.45,0.425,0.425,0.45,0.15,0.163,0.163,0.15,7.054,0.024,0.536,0.415,0.514,0.45,0.529,0.0,20,0,549.6373167037964,766.7317442893982,5.542044920180954e-07,0.001447916030883789
mlp,k_center,0.325,0.302,0.302,0.325,0.127,0.128,0.128,0.127,5.091,2.011,0.552,0.408,0.495,0.435,0.578,4.4e-05,20,0,549.6373167037964,766.7317442893982,5.542044920180954e-07,0.001447916030883789
xgb,craig,0.783,0.74,0.74,0.75,0.113,0.158,0.158,0.158,4.123,0.03,0.602,0.405,0.466,0.418,0.762,1.6e-05,20,0,549.6373167037964,766.7317442893982,5.542044920180954e-07,0.0014715194702148438
rf,craig,0.517,0.5,0.533,0.55,0.207,0.213,0.197,0.187,17.025,0.365,0.529,0.279,0.281,0.279,0.701,3e-05,20,0,549.6373167037964,766.7317442893982,5.542044920180954e-07,0.0014715194702148438
svc,craig,0.517,0.467,0.5,0.55,0.207,0.223,0.213,0.187,7.311,0.002,0.692,0.576,0.697,0.649,0.744,3e-06,20,0,549.6373167037964,766.7317442893982,5.542044920180954e-07,0.0014715194702148438
logreg,craig,0.567,0.527,0.56,0.6,0.162,0.179,0.154,0.122,6.935,0.007,0.641,0.473,0.563,0.505,0.755,1e-06,20,0,549.6373167037964,766.7317442893982,5.542044920180954e-07,0.0014715194702148438
mlp,craig,0.467,0.46,0.493,0.5,0.282,0.275,0.268,0.274,7.607,0.021,0.669,0.549,0.668,0.615,0.737,4.3e-05,20,0,549.6373167037964,766.7317442893982,5.542044920180954e-07,0.0014715194702148438
xgb,lc,1.0,1.0,1.0,1.0,0.0,0.0,0.0,0.0,14.214,0.041,0.159,0.105,0.126,0.106,0.11,1.6e-05,20,0,549.6373167037964,766.7317442893982,5.542044920180954e-07,0.0016024112701416016
rf,lc,0.975,0.975,0.975,0.975,0.05,0.051,0.051,0.05,16.502,0.465,0.226,0.19,0.258,0.202,0.145,3.5e-05,20,0,549.6373167037964,766.7317442893982,5.542044920180954e-07,0.0016024112701416016
svc,lc,1.0,1.0,1.0,1.0,0.0,0.0,0.0,0.0,5.135,0.002,0.354,0.289,0.38,0.313,0.279,2e-06,20,0,549.6373167037964,766.7317442893982,5.542044920180954e-07,0.0016024112701416016
logreg,lc,1.0,1.0,1.0,1.0,0.0,0.0,0.0,0.0,5.683,0.007,0.313,0.27,0.368,0.298,0.292,0.0,20,0,549.6373167037964,766.7317442893982,5.542044920180954e-07,0.0016024112701416016
mlp,lc,0.975,0.975,0.975,0.975,0.05,0.051,0.051,0.05,5.68,0.017,0.358,0.322,0.446,0.37,0.355,5e-06,20,0,549.6373167037964,766.7317442893982,5.542044920180954e-07,0.0016024112701416016
xgb,random,0.85,0.846,0.846,0.85,0.094,0.097,0.097,0.094,7.04,0.044,0.822,0.78,0.876,0.869,0.88,3e-06,20,1,,,,
rf,random,0.8,0.796,0.796,0.8,0.17,0.17,0.17,0.17,15.359,0.391,0.771,0.7,0.818,0.797,0.839,2.8e-05,20,1,,,,
svc,random,0.75,0.742,0.742,0.75,0.079,0.081,0.081,0.079,6.775,0.002,0.776,0.76,0.871,0.867,0.853,5e-06,20,1,,,,
logreg,random,0.8,0.79,0.79,0.8,0.1,0.105,0.105,0.1,6.947,0.006,0.81,0.725,0.832,0.812,0.866,0.0,20,1,,,,
mlp,random,0.725,0.704,0.704,0.725,0.094,0.107,0.107,0.094,6.504,0.033,0.776,0.676,0.791,0.762,0.843,7.4e-05,20,1,,,,
xgb,k-means,0.95,0.949,0.949,0.95,0.061,0.062,0.062,0.061,7.18,0.03,0.829,0.795,0.886,0.881,0.864,1.5e-05,20,1,726.2498707771301,679.6395962238312,5.601128554724461e-07,0.0013709068298339844
rf,k-means,0.85,0.848,0.848,0.85,0.122,0.124,0.124,0.122,14.251,0.283,0.736,0.677,0.807,0.786,0.824,1.9e-05,20,1,726.2498707771301,679.6395962238312,5.601128554724461e-07,0.0013709068298339844
svc,k-means,0.825,0.823,0.823,0.825,0.245,0.249,0.249,0.245,6.043,0.002,0.71,0.669,0.808,0.792,0.785,5e-06,20,1,726.2498707771301,679.6395962238312,5.601128554724461e-07,0.0013709068298339844
logreg,k-means,0.725,0.718,0.718,0.725,0.215,0.218,0.218,0.215,2.792,0.01,0.754,0.671,0.793,0.766,0.821,0.0,20,1,726.2498707771301,679.6395962238312,5.601128554724461e-07,0.0013709068298339844
mlp,k-means,0.675,0.665,0.665,0.675,0.269,0.273,0.273,0.269,3.933,0.056,0.709,0.635,0.769,0.739,0.771,8.2e-05,20,1,726.2498707771301,679.6395962238312,5.601128554724461e-07,0.0013709068298339844
xgb,ag,1.0,1.0,1.0,1.0,0.0,0.0,0.0,0.0,5.429,0.027,0.829,0.792,0.884,0.878,0.836,1.7e-05,20,1,726.2498707771301,679.6395962238312,5.601128554724461e-07,0.0014469623565673828
rf,ag,0.925,0.921,0.921,0.925,0.1,0.106,0.106,0.1,15.514,0.247,0.766,0.724,0.843,0.831,0.854,2e-05,20,1,726.2498707771301,679.6395962238312,5.601128554724461e-07,0.0014469623565673828
svc,ag,0.8,0.789,0.789,0.8,0.061,0.068,0.068,0.061,3.763,0.003,0.7,0.522,0.614,0.559,0.804,4e-06,20,1,726.2498707771301,679.6395962238312,5.601128554724461e-07,0.0014469623565673828
logreg,ag,0.825,0.821,0.821,0.825,0.1,0.102,0.102,0.1,7.302,0.006,0.769,0.627,0.735,0.693,0.869,0.0,20,1,726.2498707771301,679.6395962238312,5.601128554724461e-07,0.0014469623565673828
mlp,ag,0.725,0.719,0.719,0.725,0.094,0.095,0.095,0.094,3.918,0.056,0.727,0.614,0.735,0.693,0.82,5.7e-05,20,1,726.2498707771301,679.6395962238312,5.601128554724461e-07,0.0014469623565673828
xgb,k_center,0.475,0.45,0.45,0.475,0.166,0.179,0.179,0.166,6.71,0.03,0.666,0.587,0.726,0.685,0.739,1.9e-05,20,1,726.2498707771301,679.6395962238312,5.601128554724461e-07,0.001260519027709961
rf,k_center,0.375,0.362,0.362,0.375,0.079,0.069,0.069,0.079,16.597,0.429,0.794,0.701,0.813,0.788,0.85,3.5e-05,20,1,726.2498707771301,679.6395962238312,5.601128554724461e-07,0.001260519027709961
svc,k_center,0.45,0.341,0.341,0.45,0.127,0.122,0.122,0.127,7.153,0.002,0.503,0.145,0.059,0.163,0.5,7e-06,20,1,726.2498707771301,679.6395962238312,5.601128554724461e-07,0.001260519027709961
logreg,k_center,0.5,0.491,0.491,0.5,0.137,0.135,0.135,0.137,6.858,0.007,0.505,0.222,0.191,0.225,0.498,0.0,20,1,726.2498707771301,679.6395962238312,5.601128554724461e-07,0.001260519027709961
mlp,k_center,0.425,0.416,0.416,0.425,0.1,0.097,0.097,0.1,7.256,0.021,0.529,0.404,0.499,0.436,0.55,2.4e-05,20,1,726.2498707771301,679.6395962238312,5.601128554724461e-07,0.001260519027709961
xgb,craig,0.55,0.473,0.453,0.5,0.187,0.239,0.264,0.224,4.059,0.022,0.466,0.41,0.548,0.478,0.402,1.4e-05,20,1,726.2498707771301,679.6395962238312,5.601128554724461e-07,0.0014426708221435547
rf,craig,0.5,0.352,0.395,0.55,0.0,0.038,0.124,0.1,15.856,0.166,0.569,0.412,0.492,0.435,0.616,1.3e-05,20,1,726.2498707771301,679.6395962238312,5.601128554724461e-07,0.0014426708221435547
svc,craig,0.533,0.367,0.367,0.5,0.067,0.067,0.067,0.0,6.778,0.001,0.5,0.134,0.042,0.155,0.455,4e-06,20,1,726.2498707771301,679.6395962238312,5.601128554724461e-07,0.0014426708221435547
logreg,craig,0.467,0.333,0.367,0.5,0.067,0.0,0.067,0.0,6.752,0.005,0.5,0.134,0.042,0.155,0.553,0.0,20,1,726.2498707771301,679.6395962238312,5.601128554724461e-07,0.0014426708221435547
mlp,craig,0.217,0.187,0.22,0.25,0.113,0.107,0.16,0.158,7.145,0.02,0.443,0.341,0.429,0.366,0.377,4e-06,20,1,726.2498707771301,679.6395962238312,5.601128554724461e-07,0.0014426708221435547
xgb,lc,1.0,1.0,1.0,1.0,0.0,0.0,0.0,0.0,14.021,0.04,0.158,0.113,0.142,0.115,0.113,1.3e-05,20,1,726.2498707771301,679.6395962238312,5.601128554724461e-07,0.0017347335815429688
rf,lc,0.975,0.975,0.975,0.975,0.05,0.051,0.051,0.05,14.899,0.249,0.238,0.206,0.284,0.222,0.16,1.8e-05,20,1,726.2498707771301,679.6395962238312,5.601128554724461e-07,0.0017347335815429688
svc,lc,1.0,1.0,1.0,1.0,0.0,0.0,0.0,0.0,7.245,0.002,0.38,0.291,0.369,0.309,0.272,5e-06,20,1,726.2498707771301,679.6395962238312,5.601128554724461e-07,0.0017347335815429688
logreg,lc,1.0,1.0,1.0,1.0,0.0,0.0,0.0,0.0,6.18,0.005,0.305,0.222,0.277,0.23,0.211,0.0,20,1,726.2498707771301,679.6395962238312,5.601128554724461e-07,0.0017347335815429688
mlp,lc,1.0,1.0,1.0,1.0,0.0,0.0,0.0,0.0,8.067,0.049,0.318,0.25,0.325,0.266,0.229,3.4e-05,20,1,726.2498707771301,679.6395962238312,5.601128554724461e-07,0.0017347335815429688
xgb,random,0.875,0.87,0.87,0.875,0.079,0.084,0.084,0.079,6.935,0.029,0.816,0.728,0.833,0.813,0.876,2.1e-05,20,2,,,,
rf,random,0.85,0.848,0.848,0.85,0.122,0.124,0.124,0.122,14.833,0.208,0.762,0.66,0.777,0.745,0.847,1.5e-05,20,2,,,,
svc,random,0.9,0.896,0.896,0.9,0.094,0.099,0.099,0.094,5.967,0.002,0.72,0.605,0.725,0.682,0.814,5e-06,20,2,,,,
logreg,random,0.9,0.893,0.893,0.9,0.122,0.131,0.131,0.122,7.066,0.006,0.782,0.686,0.8,0.773,0.848,0.0,20,2,,,,
mlp,random,0.85,0.834,0.834,0.85,0.146,0.167,0.167,0.146,5.217,0.03,0.749,0.661,0.783,0.753,0.841,9.9e-05,20,2,,,,
xgb,k-means,0.925,0.924,0.924,0.925,0.061,0.062,0.062,0.061,7.076,0.025,0.817,0.797,0.89,0.886,0.871,2e-05,20,2,1690.7390236854553,772.3869142532349,5.479308842774758e-07,0.0013384819030761719
rf,k-means,0.875,0.871,0.871,0.875,0.112,0.116,0.116,0.112,14.369,0.259,0.735,0.67,0.799,0.776,0.835,1.5e-05,20,2,1690.7390236854553,772.3869142532349,5.479308842774758e-07,0.0013384819030761719
svc,k-means,0.725,0.72,0.72,0.725,0.146,0.145,0.145,0.146,6.844,0.002,0.742,0.648,0.771,0.738,0.819,4e-06,20,2,1690.7390236854553,772.3869142532349,5.479308842774758e-07,0.0013384819030761719
logreg,k-means,0.775,0.766,0.766,0.775,0.094,0.097,0.097,0.094,7.235,0.006,0.749,0.657,0.779,0.749,0.823,0.0,20,2,1690.7390236854553,772.3869142532349,5.479308842774758e-07,0.0013384819030761719
mlp,k-means,0.675,0.671,0.671,0.675,0.15,0.148,0.148,0.15,7.673,0.022,0.723,0.614,0.736,0.695,0.79,4.1e-05,20,2,1690.7390236854553,772.3869142532349,5.479308842774758e-07,0.0013384819030761719
xgb,ag,0.975,0.975,0.975,0.975,0.05,0.051,0.051,0.05,4.271,0.248,0.813,0.8,0.893,0.891,0.883,1.7e-05,20,2,1690.7390236854553,772.3869142532349,5.479308842774758e-07,0.0014371871948242188
rf,ag,0.925,0.921,0.921,0.925,0.1,0.106,0.106,0.1,14.656,0.175,0.761,0.727,0.847,0.838,0.859,1.4e-05,20,2,1690.7390236854553,772.3869142532349,5.479308842774758e-07,0.0014371871948242188
svc,ag,0.8,0.793,0.793,0.8,0.1,0.104,0.104,0.1,6.966,0.001,0.761,0.702,0.823,0.805,0.85,3e-06,20,2,1690.7390236854553,772.3869142532349,5.479308842774758e-07,0.0014371871948242188
logreg,ag,0.825,0.825,0.825,0.825,0.1,0.1,0.1,0.1,5.501,0.009,0.784,0.743,0.855,0.845,0.862,0.0,20,2,1690.7390236854553,772.3869142532349,5.479308842774758e-07,0.0014371871948242188
mlp,ag,0.75,0.745,0.745,0.75,0.079,0.081,0.081,0.079,5.225,0.055,0.757,0.685,0.808,0.785,0.839,5.6e-05,20,2,1690.7390236854553,772.3869142532349,5.479308842774758e-07,0.0014371871948242188
xgb,k_center,0.75,0.745,0.745,0.75,0.079,0.081,0.081,0.079,3.061,0.012,0.508,0.19,0.135,0.198,0.727,1.4e-05,20,2,1690.7390236854553,772.3869142532349,5.479308842774758e-07,0.0014853477478027344
rf,k_center,0.575,0.574,0.574,0.575,0.1,0.099,0.099,0.1,12.973,0.121,0.664,0.52,0.626,0.569,0.78,9e-06,20,2,1690.7390236854553,772.3869142532349,5.479308842774758e-07,0.0014853477478027344
svc,k_center,0.475,0.382,0.382,0.475,0.094,0.115,0.115,0.094,6.231,0.001,0.538,0.483,0.637,0.58,0.486,7e-06,20,2,1690.7390236854553,772.3869142532349,5.479308842774758e-07,0.0014853477478027344
logreg,k_center,0.525,0.521,0.521,0.525,0.094,0.094,0.094,0.094,7.011,0.006,0.488,0.148,0.069,0.163,0.487,0.0,20,2,1690.7390236854553,772.3869142532349,5.479308842774758e-07,0.0014853477478027344
mlp,k_center,0.35,0.335,0.335,0.35,0.146,0.157,0.157,0.146,7.293,0.06,0.547,0.394,0.472,0.415,0.582,7.9e-05,20,2,1690.7390236854553,772.3869142532349,5.479308842774758e-07,0.0014853477478027344
xgb,craig,0.633,0.531,0.63,0.7,0.163,0.168,0.159,0.1,4.715,0.034,0.51,0.479,0.782,0.848,0.631,1.9e-05,20,2,1690.7390236854553,772.3869142532349,5.479308842774758e-07,0.0013861656188964844
rf,craig,0.7,0.638,0.724,0.8,0.245,0.298,0.252,0.187,17.854,0.381,0.533,0.525,0.797,0.851,0.602,2e-05,20,2,1690.7390236854553,772.3869142532349,5.479308842774758e-07,0.0013861656188964844
svc,craig,0.733,0.646,0.702,0.75,0.2,0.239,0.218,0.158,2.425,0.002,0.517,0.505,0.782,0.83,0.525,3e-06,20,2,1690.7390236854553,772.3869142532349,5.479308842774758e-07,0.0013861656188964844
logreg,craig,0.8,0.713,0.72,0.75,0.194,0.266,0.267,0.224,6.887,0.009,0.532,0.521,0.723,0.7,0.565,0.0,20,2,1690.7390236854553,772.3869142532349,5.479308842774758e-07,0.0013861656188964844
mlp,craig,0.633,0.566,0.649,0.7,0.245,0.262,0.228,0.187,6.304,0.031,0.502,0.493,0.766,0.802,0.535,4e-06,20,2,1690.7390236854553,772.3869142532349,5.479308842774758e-07,0.0013861656188964844
xgb,lc,1.0,1.0,1.0,1.0,0.0,0.0,0.0,0.0,13.531,0.045,0.158,0.11,0.136,0.112,0.105,1.4e-05,20,2,1690.7390236854553,772.3869142532349,5.479308842774758e-07,0.0016667842864990234
rf,lc,1.0,1.0,1.0,1.0,0.0,0.0,0.0,0.0,15.292,0.257,0.242,0.176,0.222,0.182,0.158,2.8e-05,20,2,1690.7390236854553,772.3869142532349,5.479308842774758e-07,0.0016667842864990234
svc,lc,1.0,1.0,1.0,1.0,0.0,0.0,0.0,0.0,2.523,0.003,0.342,0.324,0.462,0.384,0.253,4e-06,20,2,1690.7390236854553,772.3869142532349,5.479308842774758e-07,0.0016667842864990234
logreg,lc,1.0,1.0,1.0,1.0,0.0,0.0,0.0,0.0,6.918,0.005,0.287,0.234,0.31,0.25,0.205,0.0,20,2,1690.7390236854553,772.3869142532349,5.479308842774758e-07,0.0016667842864990234
mlp,lc,0.95,0.949,0.949,0.95,0.061,0.062,0.062,0.061,8.219,0.054,0.305,0.281,0.397,0.32,0.234,7.5e-05,20,2,1690.7390236854553,772.3869142532349,5.479308842774758e-07,0.0016667842864990234
xgb,random,0.8,0.793,0.793,0.8,0.061,0.066,0.066,0.061,6.916,0.02,0.756,0.669,0.79,0.762,0.827,1.9e-05,20,3,,,,
rf,random,0.775,0.77,0.77,0.775,0.094,0.096,0.096,0.094,16.236,0.332,0.752,0.665,0.787,0.758,0.824,2.4e-05,20,3,,,,
svc,random,0.85,0.846,0.846,0.85,0.094,0.097,0.097,0.094,6.955,0.002,0.739,0.652,0.778,0.747,0.808,7e-06,20,3,,,,
logreg,random,0.825,0.818,0.818,0.825,0.1,0.105,0.105,0.1,6.871,0.008,0.743,0.646,0.768,0.735,0.815,1e-06,20,3,,,,
mlp,random,0.725,0.716,0.716,0.725,0.094,0.094,0.094,0.094,6.993,0.06,0.743,0.649,0.772,0.739,0.803,0.000103,20,3,,,,
xgb,k-means,0.875,0.862,0.862,0.875,0.137,0.16,0.16,0.137,5.316,0.029,0.828,0.8,0.89,0.886,0.854,1.7e-05,20,3,569.4864971637726,615.460292339325,5.511536279798488e-07,0.0013964176177978516
rf,k-means,0.825,0.809,0.809,0.825,0.127,0.149,0.149,0.127,14.362,0.338,0.741,0.684,0.812,0.793,0.828,2.2e-05,20,3,569.4864971637726,615.460292339325,5.511536279798488e-07,0.0013964176177978516
svc,k-means,0.75,0.737,0.737,0.75,0.285,0.291,0.291,0.285,6.763,0.002,0.701,0.575,0.692,0.643,0.24,6e-06,20,3,569.4864971637726,615.460292339325,5.511536279798488e-07,0.0013964176177978516
logreg,k-means,0.775,0.771,0.771,0.775,0.242,0.246,0.246,0.242,6.951,0.011,0.75,0.647,0.767,0.733,0.827,0.0,20,3,569.4864971637726,615.460292339325,5.511536279798488e-07,0.0013964176177978516
mlp,k-means,0.625,0.614,0.614,0.625,0.209,0.21,0.21,0.209,6.319,0.055,0.747,0.636,0.754,0.717,0.798,0.000105,20,3,569.4864971637726,615.460292339325,5.511536279798488e-07,0.0013964176177978516
xgb,ag,0.95,0.949,0.949,0.95,0.061,0.062,0.062,0.061,4.929,0.025,0.831,0.802,0.892,0.887,0.882,1.9e-05,20,3,569.4864971637726,615.460292339325,5.511536279798488e-07,0.0013432502746582031
rf,ag,0.875,0.87,0.87,0.875,0.079,0.084,0.084,0.079,15.431,0.425,0.759,0.744,0.861,0.857,0.862,2.8e-05,20,3,569.4864971637726,615.460292339325,5.511536279798488e-07,0.0013432502746582031
svc,ag,0.75,0.737,0.737,0.75,0.158,0.168,0.168,0.158,6.761,0.002,0.677,0.567,0.692,0.642,0.5,6e-06,20,3,569.4864971637726,615.460292339325,5.511536279798488e-07,0.0013432502746582031
logreg,ag,0.8,0.796,0.796,0.8,0.17,0.17,0.17,0.17,6.96,0.006,0.69,0.617,0.755,0.721,0.757,0.0,20,3,569.4864971637726,615.460292339325,5.511536279798488e-07,0.0013432502746582031
mlp,ag,0.65,0.627,0.627,0.65,0.146,0.153,0.153,0.146,3.649,0.016,0.68,0.596,0.731,0.691,0.738,3.5e-05,20,3,569.4864971637726,615.460292339325,5.511536279798488e-07,0.0013432502746582031
xgb,k_center,0.675,0.67,0.67,0.675,0.187,0.19,0.19,0.187,3.795,0.014,0.823,0.797,0.889,0.885,0.819,1.8e-05,20,3,569.4864971637726,615.460292339325,5.511536279798488e-07,0.0014772415161132812
rf,k_center,0.55,0.532,0.532,0.55,0.127,0.12,0.12,0.127,11.831,0.184,0.545,0.365,0.422,0.376,0.721,1.2e-05,20,3,569.4864971637726,615.460292339325,5.511536279798488e-07,0.0014772415161132812
svc,k_center,0.55,0.459,0.459,0.55,0.061,0.105,0.105,0.061,6.775,0.003,0.509,0.481,0.78,0.842,0.34,7e-06,20,3,569.4864971637726,615.460292339325,5.511536279798488e-07,0.0014772415161132812
logreg,k_center,0.6,0.563,0.563,0.6,0.122,0.158,0.158,0.122,6.449,0.006,0.486,0.164,0.098,0.175,0.581,0.0,20,3,569.4864971637726,615.460292339325,5.511536279798488e-07,0.0014772415161132812
mlp,k_center,0.45,0.433,0.433,0.45,0.061,0.057,0.057,0.061,5.581,0.019,0.583,0.365,0.407,0.371,0.635,3.1e-05,20,3,569.4864971637726,615.460292339325,5.511536279798488e-07,0.0014772415161132812
xgb,craig,0.717,0.653,0.66,0.7,0.113,0.16,0.164,0.1,4.073,0.125,0.588,0.538,0.698,0.655,0.572,2e-05,20,3,569.4864971637726,615.460292339325,5.511536279798488e-07,0.0014498233795166016
rf,craig,0.717,0.653,0.66,0.7,0.113,0.16,0.164,0.1,14.066,0.103,0.551,0.523,0.702,0.664,0.571,8e-06,20,3,569.4864971637726,615.460292339325,5.511536279798488e-07,0.0014498233795166016
svc,craig,0.617,0.547,0.58,0.65,0.233,0.275,0.256,0.2,7.185,0.001,0.429,0.212,0.203,0.212,0.571,4e-06,20,3,569.4864971637726,615.460292339325,5.511536279798488e-07,0.0014498233795166016
logreg,craig,0.633,0.56,0.56,0.6,0.113,0.154,0.154,0.122,6.954,0.006,0.432,0.409,0.575,0.507,0.382,0.0,20,3,569.4864971637726,615.460292339325,5.511536279798488e-07,0.0014498233795166016
mlp,craig,0.483,0.453,0.473,0.5,0.186,0.18,0.154,0.158,7.789,0.027,0.455,0.442,0.629,0.574,0.457,5e-05,20,3,569.4864971637726,615.460292339325,5.511536279798488e-07,0.0014498233795166016
xgb,lc,0.975,0.975,0.975,0.975,0.05,0.051,0.051,0.05,13.681,0.023,0.255,0.099,0.071,0.101,0.109,1.5e-05,20,3,569.4864971637726,615.460292339325,5.511536279798488e-07,0.0014109611511230469
rf,lc,1.0,1.0,1.0,1.0,0.0,0.0,0.0,0.0,15.45,0.43,0.216,0.156,0.195,0.16,0.134,3.7e-05,20,3,569.4864971637726,615.460292339325,5.511536279798488e-07,0.0014109611511230469
svc,lc,1.0,1.0,1.0,1.0,0.0,0.0,0.0,0.0,6.907,0.002,0.338,0.28,0.371,0.304,0.291,4e-06,20,3,569.4864971637726,615.460292339325,5.511536279798488e-07,0.0014109611511230469
logreg,lc,1.0,1.0,1.0,1.0,0.0,0.0,0.0,0.0,6.892,0.006,0.352,0.308,0.419,0.345,0.319,0.0,20,3,569.4864971637726,615.460292339325,5.511536279798488e-07,0.0014109611511230469
mlp,lc,1.0,1.0,1.0,1.0,0.0,0.0,0.0,0.0,5.063,0.848,0.4,0.339,0.452,0.38,0.359,5e-06,20,3,569.4864971637726,615.460292339325,5.511536279798488e-07,0.0014109611511230469
xgb,random,0.875,0.87,0.87,0.875,0.079,0.084,0.084,0.079,5.761,2.188,0.835,0.792,0.883,0.876,0.879,2.2e-05,20,4,,,,
rf,random,0.8,0.794,0.794,0.8,0.1,0.103,0.103,0.1,13.724,0.252,0.698,0.642,0.782,0.758,0.803,1.7e-05,20,4,,,,
svc,random,0.8,0.796,0.796,0.8,0.061,0.063,0.063,0.061,6.858,0.003,0.72,0.699,0.835,0.827,0.837,7e-06,20,4,,,,
logreg,random,0.775,0.773,0.773,0.775,0.094,0.095,0.095,0.094,6.924,0.006,0.762,0.724,0.844,0.833,0.838,1e-06,20,4,,,,
mlp,random,0.775,0.773,0.773,0.775,0.094,0.095,0.095,0.094,6.758,0.765,0.701,0.665,0.807,0.792,0.807,4.5e-05,20,4,,,,
xgb,k-means,0.95,0.947,0.947,0.95,0.1,0.107,0.107,0.1,6.002,0.037,0.831,0.802,0.892,0.887,0.878,9e-06,20,4,1239.0946214199066,648.2032754421234,5.459757530980361e-07,0.0012943744659423828
rf,k-means,0.875,0.87,0.87,0.875,0.079,0.084,0.084,0.079,12.947,0.161,0.742,0.731,0.856,0.852,0.855,1.2e-05,20,4,1239.0946214199066,648.2032754421234,5.459757530980361e-07,0.0012943744659423828
svc,k-means,0.775,0.77,0.77,0.775,0.094,0.096,0.096,0.094,6.307,0.003,0.661,0.502,0.6,0.543,0.803,4e-06,20,4,1239.0946214199066,648.2032754421234,5.459757530980361e-07,0.0012943744659423828
logreg,k-means,0.85,0.845,0.845,0.85,0.05,0.056,0.056,0.05,6.488,0.009,0.727,0.58,0.689,0.639,0.842,0.0,20,4,1239.0946214199066,648.2032754421234,5.459757530980361e-07,0.0012943744659423828
mlp,k-means,0.65,0.644,0.644,0.65,0.094,0.091,0.091,0.094,7.891,0.061,0.712,0.567,0.677,0.625,0.81,8.4e-05,20,4,1239.0946214199066,648.2032754421234,5.459757530980361e-07,0.0012943744659423828
xgb,ag,1.0,1.0,1.0,1.0,0.0,0.0,0.0,0.0,4.781,0.08,0.831,0.802,0.892,0.887,0.869,1.7e-05,20,4,1239.0946214199066,648.2032754421234,5.459757530980361e-07,0.0014116764068603516
rf,ag,0.9,0.896,0.896,0.9,0.094,0.099,0.099,0.094,14.201,0.209,0.745,0.735,0.858,0.855,0.858,1.5e-05,20,4,1239.0946214199066,648.2032754421234,5.459757530980361e-07,0.0014116764068603516
svc,ag,0.9,0.896,0.896,0.9,0.094,0.099,0.099,0.094,6.776,0.002,0.737,0.639,0.763,0.728,0.83,7e-06,20,4,1239.0946214199066,648.2032754421234,5.459757530980361e-07,0.0014116764068603516
logreg,ag,0.925,0.924,0.924,0.925,0.061,0.062,0.062,0.061,6.806,0.008,0.759,0.658,0.777,0.745,0.846,1e-06,20,4,1239.0946214199066,648.2032754421234,5.459757530980361e-07,0.0014116764068603516
mlp,ag,0.725,0.716,0.716,0.725,0.146,0.156,0.156,0.146,8.107,0.032,0.743,0.64,0.761,0.725,0.833,6.9e-05,20,4,1239.0946214199066,648.2032754421234,5.459757530980361e-07,0.0014116764068603516
xgb,k_center,0.775,0.766,0.766,0.775,0.094,0.097,0.097,0.094,7.361,0.028,0.628,0.436,0.506,0.454,0.805,1.7e-05,20,4,1239.0946214199066,648.2032754421234,5.459757530980361e-07,0.0018188953399658203
rf,k_center,0.65,0.632,0.632,0.65,0.215,0.23,0.23,0.215,16.219,0.225,0.811,0.749,0.853,0.839,0.859,1.4e-05,20,4,1239.0946214199066,648.2032754421234,5.459757530980361e-07,0.0018188953399658203
svc,k_center,0.525,0.495,0.495,0.525,0.122,0.108,0.108,0.122,5.023,0.003,0.579,0.313,0.32,0.313,0.326,7e-06,20,4,1239.0946214199066,648.2032754421234,5.459757530980361e-07,0.0018188953399658203
logreg,k_center,0.55,0.524,0.524,0.55,0.218,0.229,0.229,0.218,7.047,0.006,0.533,0.268,0.26,0.268,0.601,0.0,20,4,1239.0946214199066,648.2032754421234,5.459757530980361e-07,0.0018188953399658203
mlp,k_center,0.425,0.412,0.412,0.425,0.17,0.171,0.171,0.17,7.05,0.034,0.563,0.341,0.373,0.344,0.594,4.7e-05,20,4,1239.0946214199066,648.2032754421234,5.459757530980361e-07,0.0018188953399658203
xgb,craig,0.5,0.4,0.4,0.5,0.0,0.082,0.082,0.0,4.153,0.035,0.689,0.611,0.748,0.712,0.755,1.8e-05,20,4,1239.0946214199066,648.2032754421234,5.459757530980361e-07,0.0013005733489990234
rf,craig,0.5,0.333,0.333,0.5,0.0,0.0,0.0,0.0,15.465,0.362,0.708,0.619,0.749,0.712,0.769,1.8e-05,20,4,1239.0946214199066,648.2032754421234,5.459757530980361e-07,0.0013005733489990234
svc,craig,0.6,0.493,0.493,0.6,0.122,0.196,0.196,0.122,2.505,0.002,0.533,0.359,0.417,0.37,0.449,3e-06,20,4,1239.0946214199066,648.2032754421234,5.459757530980361e-07,0.0013005733489990234
logreg,craig,0.45,0.38,0.38,0.45,0.245,0.24,0.24,0.245,6.794,0.006,0.614,0.542,0.688,0.64,0.648,1e-06,20,4,1239.0946214199066,648.2032754421234,5.459757530980361e-07,0.0013005733489990234
mlp,craig,0.5,0.44,0.44,0.5,0.224,0.244,0.244,0.224,7.041,0.028,0.583,0.51,0.654,0.599,0.608,7.6e-05,20,4,1239.0946214199066,648.2032754421234,5.459757530980361e-07,0.0013005733489990234
xgb,lc,1.0,1.0,1.0,1.0,0.0,0.0,0.0,0.0,13.67,0.031,0.153,0.116,0.149,0.118,0.11,2e-05,20,4,1239.0946214199066,648.2032754421234,5.459757530980361e-07,0.0014140605926513672
rf,lc,0.975,0.975,0.975,0.975,0.05,0.051,0.051,0.05,14.893,0.481,0.215,0.159,0.202,0.164,0.137,3.6e-05,20,4,1239.0946214199066,648.2032754421234,5.459757530980361e-07,0.0014140605926513672
svc,lc,1.0,1.0,1.0,1.0,0.0,0.0,0.0,0.0,7.241,0.002,0.283,0.267,0.381,0.304,0.23,5e-06,20,4,1239.0946214199066,648.2032754421234,5.459757530980361e-07,0.0014140605926513672
logreg,lc,1.0,1.0,1.0,1.0,0.0,0.0,0.0,0.0,6.22,0.006,0.318,0.31,0.451,0.371,0.297,0.0,20,4,1239.0946214199066,648.2032754421234,5.459757530980361e-07,0.0014140605926513672
mlp,lc,0.975,0.975,0.975,0.975,0.05,0.051,0.051,0.05,5.889,0.031,0.343,0.337,0.492,0.413,0.32,6.7e-05,20,4,1239.0946214199066,648.2032754421234,5.459757530980361e-07,0.0014140605926513672
xgb,random,0.85,0.843,0.843,0.85,0.082,0.09,0.09,0.082,4.338,0.016,0.823,0.727,0.83,0.809,0.887,2.1e-05,30,0,,,,
rf,random,0.783,0.779,0.779,0.783,0.067,0.069,0.069,0.067,13.654,0.171,0.787,0.698,0.811,0.788,0.865,1.6e-05,30,0,,,,
svc,random,0.733,0.709,0.709,0.733,0.062,0.077,0.077,0.062,6.194,0.003,0.743,0.756,0.876,0.879,0.878,8e-06,30,0,,,,
logreg,random,0.8,0.793,0.793,0.8,0.041,0.043,0.043,0.041,6.984,0.007,0.778,0.698,0.814,0.792,0.849,0.0,30,0,,,,
mlp,random,0.767,0.762,0.762,0.767,0.062,0.063,0.063,0.062,6.726,0.918,0.739,0.652,0.778,0.747,0.816,3.7e-05,30,0,,,,
xgb,k-means,0.933,0.932,0.932,0.933,0.062,0.064,0.064,0.062,9.087,3.147,0.768,0.627,0.736,0.694,0.882,1.6e-05,30,0,1022.613352060318,574.3764350414276,5.513040226859596e-07,0.0014088153839111328
rf,k-means,0.9,0.898,0.898,0.9,0.062,0.064,0.064,0.062,14.878,0.35,0.8,0.657,0.761,0.723,0.875,2.3e-05,30,0,1022.613352060318,574.3764350414276,5.513040226859596e-07,0.0014088153839111328
svc,k-means,0.783,0.783,0.783,0.783,0.085,0.085,0.085,0.085,7.05,0.004,0.761,0.681,0.802,0.777,0.829,7e-06,30,0,1022.613352060318,574.3764350414276,5.513040226859596e-07,0.0014088153839111328
logreg,k-means,0.783,0.783,0.783,0.783,0.085,0.085,0.085,0.085,2.819,0.005,0.757,0.67,0.791,0.763,0.828,0.0,30,0,1022.613352060318,574.3764350414276,5.513040226859596e-07,0.0014088153839111328
mlp,k-means,0.7,0.696,0.696,0.7,0.125,0.126,0.126,0.125,7.859,0.146,0.718,0.631,0.76,0.726,0.784,2.4e-05,30,0,1022.613352060318,574.3764350414276,5.513040226859596e-07,0.0014088153839111328
xgb,ag,0.967,0.966,0.966,0.967,0.041,0.041,0.041,0.041,5.217,0.054,0.809,0.742,0.847,0.832,0.881,1.7e-05,30,0,1022.613352060318,574.3764350414276,5.513040226859596e-07,0.001567840576171875
rf,ag,0.917,0.916,0.916,0.917,0.091,0.092,0.092,0.091,16.57,0.463,0.796,0.683,0.793,0.763,0.873,3.1e-05,30,0,1022.613352060318,574.3764350414276,5.513040226859596e-07,0.001567840576171875
svc,ag,0.817,0.811,0.811,0.817,0.143,0.153,0.153,0.143,7.174,0.004,0.671,0.454,0.518,0.47,0.838,4e-06,30,0,1022.613352060318,574.3764350414276,5.513040226859596e-07,0.001567840576171875
logreg,ag,0.833,0.83,0.83,0.833,0.118,0.121,0.121,0.118,6.644,0.006,0.679,0.483,0.561,0.508,0.806,1e-06,30,0,1022.613352060318,574.3764350414276,5.513040226859596e-07,0.001567840576171875
mlp,ag,0.717,0.708,0.708,0.717,0.187,0.2,0.2,0.187,8.303,0.038,0.674,0.489,0.573,0.518,0.784,4.7e-05,30,0,1022.613352060318,574.3764350414276,5.513040226859596e-07,0.001567840576171875
xgb,k_center,0.633,0.631,0.631,0.633,0.067,0.067,0.067,0.067,7.677,0.046,0.726,0.653,0.784,0.757,0.762,1.7e-05,30,0,1022.613352060318,574.3764350414276,5.513040226859596e-07,0.0013599395751953125
rf,k_center,0.6,0.591,0.591,0.6,0.143,0.152,0.152,0.143,11.272,0.156,0.519,0.32,0.356,0.324,0.673,1.3e-05,30,0,1022.613352060318,574.3764350414276,5.513040226859596e-07,0.0013599395751953125
svc,k_center,0.617,0.607,0.607,0.617,0.085,0.083,0.083,0.085,2.699,0.003,0.579,0.388,0.447,0.4,0.611,9e-06,30,0,1022.613352060318,574.3764350414276,5.513040226859596e-07,0.0013599395751953125
logreg,k_center,0.65,0.638,0.638,0.65,0.122,0.127,0.127,0.122,6.995,0.009,0.516,0.445,0.581,0.515,0.52,1e-06,30,0,1022.613352060318,574.3764350414276,5.513040226859596e-07,0.0013599395751953125
mlp,k_center,0.6,0.595,0.595,0.6,0.122,0.123,0.123,0.122,5.811,0.023,0.539,0.336,0.375,0.341,0.568,7.4e-05,30,0,1022.613352060318,574.3764350414276,5.513040226859596e-07,0.0013599395751953125
xgb,craig,0.558,0.511,0.525,0.567,0.073,0.108,0.117,0.082,4.261,0.379,0.591,0.482,0.602,0.54,0.63,1.8e-05,30,0,1022.613352060318,574.3764350414276,5.513040226859596e-07,0.0015177726745605469
rf,craig,0.467,0.391,0.423,0.5,0.067,0.091,0.112,0.105,18.466,0.386,0.658,0.523,0.633,0.577,0.721,3.2e-05,30,0,1022.613352060318,574.3764350414276,5.513040226859596e-07,0.0015177726745605469
svc,craig,0.692,0.655,0.664,0.7,0.122,0.173,0.18,0.125,5.49,0.002,0.632,0.492,0.597,0.538,0.662,4e-06,30,0,1022.613352060318,574.3764350414276,5.513040226859596e-07,0.0015177726745605469
logreg,craig,0.692,0.655,0.664,0.7,0.122,0.173,0.18,0.125,4.398,0.006,0.651,0.514,0.624,0.566,0.714,0.0,30,0,1022.613352060318,574.3764350414276,5.513040226859596e-07,0.0015177726745605469
mlp,craig,0.575,0.496,0.524,0.6,0.183,0.217,0.215,0.17,7.294,0.042,0.646,0.496,0.597,0.539,0.692,7.7e-05,30,0,1022.613352060318,574.3764350414276,5.513040226859596e-07,0.0015177726745605469
xgb,lc,1.0,1.0,1.0,1.0,0.0,0.0,0.0,0.0,13.926,0.081,0.19,0.111,0.121,0.111,0.155,1.7e-05,30,0,1022.613352060318,574.3764350414276,5.513040226859596e-07,0.0016331672668457031
rf,lc,1.0,1.0,1.0,1.0,0.0,0.0,0.0,0.0,15.746,0.457,0.23,0.122,0.123,0.122,0.115,3e-05,30,0,1022.613352060318,574.3764350414276,5.513040226859596e-07,0.0016331672668457031
svc,lc,1.0,1.0,1.0,1.0,0.0,0.0,0.0,0.0,3.884,0.003,0.318,0.277,0.378,0.307,0.235,5e-06,30,0,1022.613352060318,574.3764350414276,5.513040226859596e-07,0.0016331672668457031
logreg,lc,1.0,1.0,1.0,1.0,0.0,0.0,0.0,0.0,6.811,0.006,0.328,0.264,0.346,0.283,0.294,0.0,30,0,1022.613352060318,574.3764350414276,5.513040226859596e-07,0.0016331672668457031
mlp,lc,0.967,0.966,0.966,0.967,0.041,0.041,0.041,0.041,7.43,0.021,0.383,0.339,0.462,0.387,0.367,4.2e-05,30,0,1022.613352060318,574.3764350414276,5.513040226859596e-07,0.0016331672668457031
xgb,random,0.867,0.866,0.866,0.867,0.067,0.067,0.067,0.067,5.246,0.024,0.83,0.776,0.871,0.861,0.893,1.3e-05,30,1,,,,
rf,random,0.833,0.831,0.831,0.833,0.075,0.075,0.075,0.075,15.886,0.273,0.778,0.687,0.803,0.777,0.85,1.6e-05,30,1,,,,
svc,random,0.783,0.781,0.781,0.783,0.113,0.114,0.114,0.113,4.031,0.003,0.789,0.692,0.804,0.778,0.86,9e-06,30,1,,,,
logreg,random,0.767,0.765,0.765,0.767,0.122,0.123,0.123,0.122,3.824,0.007,0.785,0.698,0.812,0.788,0.854,1e-06,30,1,,,,
mlp,random,0.667,0.661,0.661,0.667,0.091,0.091,0.091,0.091,7.629,0.023,0.764,0.65,0.766,0.731,0.829,6.2e-05,30,1,,,,
xgb,k-means,0.917,0.916,0.916,0.917,0.075,0.076,0.076,0.075,5.793,0.054,0.846,0.805,0.891,0.885,0.896,2e-06,30,1,1691.0225563049316,576.5886054039001,5.767636979347072e-07,0.0012831687927246094
rf,k-means,0.817,0.811,0.811,0.817,0.097,0.102,0.102,0.097,15.115,0.281,0.784,0.722,0.836,0.82,0.862,2.1e-05,30,1,1691.0225563049316,576.5886054039001,5.767636979347072e-07,0.0012831687927246094
svc,k-means,0.767,0.763,0.763,0.767,0.133,0.134,0.134,0.133,7.3,0.004,0.721,0.59,0.705,0.658,0.791,4e-06,30,1,1691.0225563049316,576.5886054039001,5.767636979347072e-07,0.0012831687927246094
logreg,k-means,0.767,0.765,0.765,0.767,0.193,0.193,0.193,0.193,4.644,0.008,0.696,0.589,0.715,0.67,0.764,0.0,30,1,1691.0225563049316,576.5886054039001,5.767636979347072e-07,0.0012831687927246094
mlp,k-means,0.7,0.697,0.697,0.7,0.113,0.114,0.114,0.113,7.401,0.066,0.697,0.595,0.722,0.679,0.762,1.7e-05,30,1,1691.0225563049316,576.5886054039001,5.767636979347072e-07,0.0012831687927246094
xgb,ag,0.933,0.933,0.933,0.933,0.062,0.062,0.062,0.062,4.293,0.045,0.834,0.79,0.882,0.874,0.877,6e-06,30,1,1691.0225563049316,576.5886054039001,5.767636979347072e-07,0.0019266605377197266
rf,ag,0.833,0.832,0.832,0.833,0.075,0.075,0.075,0.075,13.727,0.213,0.759,0.688,0.81,0.788,0.852,1.6e-05,30,1,1691.0225563049316,576.5886054039001,5.767636979347072e-07,0.0019266605377197266
svc,ag,0.75,0.727,0.727,0.75,0.118,0.145,0.145,0.118,7.19,0.004,0.706,0.545,0.647,0.593,0.766,5e-06,30,1,1691.0225563049316,576.5886054039001,5.767636979347072e-07,0.0019266605377197266
logreg,ag,0.75,0.74,0.74,0.75,0.167,0.171,0.171,0.167,6.569,0.012,0.754,0.673,0.795,0.769,0.809,0.0,30,1,1691.0225563049316,576.5886054039001,5.767636979347072e-07,0.0019266605377197266
mlp,ag,0.633,0.606,0.606,0.633,0.113,0.122,0.122,0.113,9.237,0.163,0.731,0.62,0.741,0.701,0.803,0.000116,30,1,1691.0225563049316,576.5886054039001,5.767636979347072e-07,0.0019266605377197266
xgb,k_center,0.75,0.744,0.744,0.75,0.091,0.101,0.101,0.091,6.824,0.017,0.785,0.715,0.829,0.81,0.839,2e-06,30,1,1691.0225563049316,576.5886054039001,5.767636979347072e-07,0.0015935897827148438
rf,k_center,0.683,0.668,0.668,0.683,0.162,0.176,0.176,0.162,19.919,0.129,0.747,0.618,0.731,0.689,0.843,7e-06,30,1,1691.0225563049316,576.5886054039001,5.767636979347072e-07,0.0015935897827148438
svc,k_center,0.583,0.522,0.522,0.583,0.075,0.121,0.121,0.075,5.628,0.003,0.537,0.218,0.174,0.224,0.32,9e-06,30,1,1691.0225563049316,576.5886054039001,5.767636979347072e-07,0.0015935897827148438
logreg,k_center,0.6,0.589,0.589,0.6,0.143,0.14,0.14,0.143,6.849,0.003,0.577,0.34,0.367,0.342,0.666,1e-06,30,1,1691.0225563049316,576.5886054039001,5.767636979347072e-07,0.0015935897827148438
mlp,k_center,0.417,0.406,0.406,0.417,0.075,0.073,0.073,0.075,7.663,0.026,0.578,0.398,0.465,0.414,0.618,4.3e-05,30,1,1691.0225563049316,576.5886054039001,5.767636979347072e-07,0.0015935897827148438
xgb,craig,0.575,0.491,0.523,0.6,0.17,0.203,0.199,0.133,4.418,0.025,0.55,0.549,0.762,0.76,0.661,6e-06,30,1,1691.0225563049316,576.5886054039001,5.767636979347072e-07,0.0014340877532958984
rf,craig,0.442,0.322,0.334,0.433,0.133,0.119,0.154,0.17,14.517,0.133,0.543,0.443,0.56,0.495,0.544,7e-06,30,1,1691.0225563049316,576.5886054039001,5.767636979347072e-07,0.0014340877532958984
svc,craig,0.65,0.618,0.629,0.633,0.146,0.128,0.132,0.125,3.355,0.002,0.587,0.532,0.688,0.642,0.645,4e-06,30,1,1691.0225563049316,576.5886054039001,5.767636979347072e-07,0.0014340877532958984
logreg,craig,0.608,0.556,0.569,0.6,0.242,0.261,0.268,0.226,7.228,0.007,0.61,0.563,0.724,0.687,0.669,1e-06,30,1,1691.0225563049316,576.5886054039001,5.767636979347072e-07,0.0014340877532958984
mlp,craig,0.592,0.563,0.581,0.6,0.178,0.191,0.2,0.17,8.088,0.67,0.594,0.56,0.731,0.7,0.656,9e-06,30,1,1691.0225563049316,576.5886054039001,5.767636979347072e-07,0.0014340877532958984
xgb,lc,1.0,1.0,1.0,1.0,0.0,0.0,0.0,0.0,15.467,0.038,0.334,0.115,0.067,0.121,0.178,1.9e-05,30,1,1691.0225563049316,576.5886054039001,5.767636979347072e-07,0.001476287841796875
rf,lc,0.983,0.983,0.983,0.983,0.033,0.034,0.034,0.033,16.535,0.254,0.251,0.155,0.177,0.157,0.138,2.5e-05,30,1,1691.0225563049316,576.5886054039001,5.767636979347072e-07,0.001476287841796875
svc,lc,1.0,1.0,1.0,1.0,0.0,0.0,0.0,0.0,7.447,0.004,0.348,0.318,0.445,0.367,0.311,8e-06,30,1,1691.0225563049316,576.5886054039001,5.767636979347072e-07,0.001476287841796875
logreg,lc,1.0,1.0,1.0,1.0,0.0,0.0,0.0,0.0,5.627,0.006,0.306,0.2,0.235,0.204,0.213,1e-06,30,1,1691.0225563049316,576.5886054039001,5.767636979347072e-07,0.001476287841796875
mlp,lc,0.983,0.983,0.983,0.983,0.033,0.034,0.034,0.033,8.828,0.12,0.325,0.245,0.311,0.257,0.245,3.9e-05,30,1,1691.0225563049316,576.5886054039001,5.767636979347072e-07,0.001476287841796875
xgb,random,0.933,0.933,0.933,0.933,0.062,0.062,0.062,0.062,4.801,3.65,0.821,0.728,0.831,0.81,0.876,1.8e-05,30,2,,,,
rf,random,0.817,0.815,0.815,0.817,0.097,0.097,0.097,0.097,19.388,0.2,0.748,0.647,0.767,0.733,0.834,1.8e-05,30,2,,,,
svc,random,0.867,0.866,0.866,0.867,0.1,0.101,0.101,0.1,7.109,0.003,0.78,0.69,0.805,0.779,0.848,7e-06,30,2,,,,
logreg,random,0.867,0.866,0.866,0.867,0.067,0.067,0.067,0.067,7.198,0.006,0.778,0.693,0.808,0.784,0.847,4e-06,30,2,,,,
mlp,random,0.833,0.831,0.831,0.833,0.075,0.075,0.075,0.075,7.129,0.021,0.748,0.646,0.767,0.732,0.822,3.3e-05,30,2,,,,
xgb,k-means,0.933,0.932,0.932,0.933,0.062,0.064,0.064,0.062,6.385,0.026,0.829,0.803,0.892,0.888,0.875,1.3e-05,30,2,1319.2004675865173,497.3798713684082,5.488977073881877e-07,0.0014488697052001953
rf,k-means,0.833,0.822,0.822,0.833,0.118,0.132,0.132,0.118,13.517,0.199,0.774,0.737,0.852,0.843,0.874,1.5e-05,30,2,1319.2004675865173,497.3798713684082,5.488977073881877e-07,0.0014488697052001953
svc,k-means,0.7,0.659,0.659,0.7,0.145,0.179,0.179,0.145,6.808,0.004,0.654,0.432,0.49,0.444,0.225,8e-06,30,2,1319.2004675865173,497.3798713684082,5.488977073881877e-07,0.0014488697052001953
logreg,k-means,0.733,0.717,0.717,0.733,0.122,0.135,0.135,0.122,6.836,0.005,0.741,0.611,0.725,0.681,0.807,1e-06,30,2,1319.2004675865173,497.3798713684082,5.488977073881877e-07,0.0014488697052001953
mlp,k-means,0.567,0.563,0.563,0.567,0.122,0.125,0.125,0.122,7.1,0.141,0.731,0.621,0.742,0.702,0.815,1.5e-05,30,2,1319.2004675865173,497.3798713684082,5.488977073881877e-07,0.0014488697052001953
xgb,ag,0.967,0.966,0.966,0.967,0.041,0.041,0.041,0.041,4.832,0.037,0.817,0.797,0.89,0.886,0.883,1.9e-05,30,2,1319.2004675865173,497.3798713684082,5.488977073881877e-07,0.001622915267944336
rf,ag,0.967,0.966,0.966,0.967,0.041,0.041,0.041,0.041,17.572,0.432,0.787,0.753,0.862,0.854,0.872,2.8e-05,30,2,1319.2004675865173,497.3798713684082,5.488977073881877e-07,0.001622915267944336
svc,ag,0.733,0.731,0.731,0.733,0.143,0.144,0.144,0.143,6.995,0.005,0.755,0.674,0.796,0.77,0.835,4e-06,30,2,1319.2004675865173,497.3798713684082,5.488977073881877e-07,0.001622915267944336
logreg,ag,0.733,0.716,0.716,0.733,0.17,0.189,0.189,0.17,6.848,0.005,0.694,0.52,0.614,0.559,0.824,1e-06,30,2,1319.2004675865173,497.3798713684082,5.488977073881877e-07,0.001622915267944336
mlp,ag,0.65,0.643,0.643,0.65,0.133,0.138,0.138,0.133,6.853,0.018,0.703,0.566,0.679,0.628,0.789,4.5e-05,30,2,1319.2004675865173,497.3798713684082,5.488977073881877e-07,0.001622915267944336
xgb,k_center,0.7,0.693,0.693,0.7,0.187,0.189,0.189,0.187,3.632,0.012,0.651,0.498,0.598,0.54,0.765,9e-06,30,2,1319.2004675865173,497.3798713684082,5.488977073881877e-07,0.001697540283203125
rf,k_center,0.617,0.613,0.613,0.617,0.113,0.115,0.115,0.113,15.052,0.191,0.692,0.53,0.629,0.574,0.84,1.3e-05,30,2,1319.2004675865173,497.3798713684082,5.488977073881877e-07,0.001697540283203125
svc,k_center,0.6,0.578,0.578,0.6,0.111,0.121,0.121,0.111,6.226,0.004,0.607,0.393,0.443,0.401,0.687,1.1e-05,30,2,1319.2004675865173,497.3798713684082,5.488977073881877e-07,0.001697540283203125
logreg,k_center,0.583,0.575,0.575,0.583,0.105,0.108,0.108,0.105,6.884,0.006,0.599,0.384,0.432,0.392,0.695,0.0,30,2,1319.2004675865173,497.3798713684082,5.488977073881877e-07,0.001697540283203125
mlp,k_center,0.467,0.443,0.443,0.467,0.125,0.148,0.148,0.125,6.643,0.021,0.612,0.432,0.507,0.453,0.668,4.3e-05,30,2,1319.2004675865173,497.3798713684082,5.488977073881877e-07,0.001697540283203125
xgb,craig,0.642,0.595,0.623,0.667,0.203,0.233,0.218,0.183,4.215,0.019,0.674,0.688,0.843,0.85,0.807,6e-06,30,2,1319.2004675865173,497.3798713684082,5.488977073881877e-07,0.0013718605041503906
rf,craig,0.608,0.554,0.583,0.633,0.182,0.205,0.193,0.163,14.085,0.248,0.653,0.514,0.623,0.565,0.756,1.6e-05,30,2,1319.2004675865173,497.3798713684082,5.488977073881877e-07,0.0013718605041503906
svc,craig,0.733,0.702,0.729,0.767,0.226,0.254,0.226,0.2,6.882,0.002,0.653,0.619,0.777,0.757,0.711,6e-06,30,2,1319.2004675865173,497.3798713684082,5.488977073881877e-07,0.0013718605041503906
logreg,craig,0.667,0.605,0.632,0.7,0.183,0.235,0.217,0.163,6.222,0.008,0.708,0.611,0.738,0.698,0.788,0.0,30,2,1319.2004675865173,497.3798713684082,5.488977073881877e-07,0.0013718605041503906
mlp,craig,0.7,0.668,0.695,0.733,0.194,0.22,0.193,0.17,5.078,0.018,0.709,0.64,0.775,0.746,0.801,4.3e-05,30,2,1319.2004675865173,497.3798713684082,5.488977073881877e-07,0.0013718605041503906
xgb,lc,1.0,1.0,1.0,1.0,0.0,0.0,0.0,0.0,14.05,0.013,0.269,0.102,0.069,0.105,0.136,8e-06,30,2,1319.2004675865173,497.3798713684082,5.488977073881877e-07,0.0015621185302734375
rf,lc,1.0,1.0,1.0,1.0,0.0,0.0,0.0,0.0,17.773,0.454,0.239,0.137,0.147,0.137,0.131,3.1e-05,30,2,1319.2004675865173,497.3798713684082,5.488977073881877e-07,0.0015621185302734375
svc,lc,1.0,1.0,1.0,1.0,0.0,0.0,0.0,0.0,6.355,0.003,0.33,0.293,0.405,0.33,0.24,6e-06,30,2,1319.2004675865173,497.3798713684082,5.488977073881877e-07,0.0015621185302734375
logreg,lc,1.0,1.0,1.0,1.0,0.0,0.0,0.0,0.0,7.068,0.006,0.275,0.231,0.311,0.248,0.194,0.0,30,2,1319.2004675865173,497.3798713684082,5.488977073881877e-07,0.0015621185302734375
mlp,lc,1.0,1.0,1.0,1.0,0.0,0.0,0.0,0.0,7.325,0.108,0.372,0.33,0.452,0.376,0.339,1.3e-05,30,2,1319.2004675865173,497.3798713684082,5.488977073881877e-07,0.0015621185302734375
xgb,random,0.85,0.841,0.841,0.85,0.097,0.113,0.113,0.097,7.306,0.039,0.835,0.777,0.872,0.861,0.888,2e-05,30,3,,,,
rf,random,0.833,0.829,0.829,0.833,0.053,0.058,0.058,0.053,15.98,0.432,0.811,0.719,0.826,0.804,0.87,3.4e-05,30,3,,,,
svc,random,0.767,0.754,0.754,0.767,0.062,0.076,0.076,0.062,6.843,0.002,0.785,0.742,0.853,0.843,0.858,7e-06,30,3,,,,
logreg,random,0.783,0.774,0.774,0.783,0.067,0.081,0.081,0.067,6.861,0.006,0.797,0.768,0.872,0.866,0.881,0.0,30,3,,,,
mlp,random,0.7,0.693,0.693,0.7,0.067,0.066,0.066,0.067,6.425,0.022,0.732,0.655,0.784,0.756,0.813,3e-05,30,3,,,,
xgb,k-means,0.9,0.899,0.899,0.9,0.062,0.063,0.063,0.062,7.267,0.044,0.841,0.755,0.852,0.835,0.894,2e-06,30,3,1631.3226790428162,1017.4471294879913,6.010631854506004e-07,0.0015766620635986328
rf,k-means,0.85,0.848,0.848,0.85,0.062,0.063,0.063,0.062,14.896,0.436,0.791,0.734,0.845,0.831,0.871,2.9e-05,30,3,1631.3226790428162,1017.4471294879913,6.010631854506004e-07,0.0015766620635986328
svc,k-means,0.733,0.726,0.726,0.733,0.097,0.107,0.107,0.097,7.123,0.004,0.755,0.652,0.771,0.737,0.816,6e-06,30,3,1631.3226790428162,1017.4471294879913,6.010631854506004e-07,0.0015766620635986328
logreg,k-means,0.817,0.813,0.813,0.817,0.082,0.085,0.085,0.082,7.236,0.009,0.693,0.59,0.717,0.673,0.777,1e-06,30,3,1631.3226790428162,1017.4471294879913,6.010631854506004e-07,0.0015766620635986328
mlp,k-means,0.683,0.677,0.677,0.683,0.097,0.097,0.097,0.097,6.379,0.09,0.721,0.644,0.775,0.745,0.787,2.7e-05,30,3,1631.3226790428162,1017.4471294879913,6.010631854506004e-07,0.0015766620635986328
xgb,ag,0.917,0.916,0.916,0.917,0.091,0.092,0.092,0.091,4.317,0.042,0.835,0.793,0.884,0.877,0.901,1.6e-05,30,3,1631.3226790428162,1017.4471294879913,6.010631854506004e-07,0.001560211181640625
rf,ag,0.85,0.848,0.848,0.85,0.097,0.098,0.098,0.097,14.579,0.113,0.76,0.685,0.806,0.783,0.841,9e-06,30,3,1631.3226790428162,1017.4471294879913,6.010631854506004e-07,0.001560211181640625
svc,ag,0.8,0.796,0.796,0.8,0.085,0.087,0.087,0.085,7.316,0.002,0.633,0.579,0.733,0.697,0.274,7e-06,30,3,1631.3226790428162,1017.4471294879913,6.010631854506004e-07,0.001560211181640625
logreg,ag,0.817,0.806,0.806,0.817,0.082,0.097,0.097,0.082,6.896,0.007,0.74,0.628,0.747,0.708,0.781,1e-06,30,3,1631.3226790428162,1017.4471294879913,6.010631854506004e-07,0.001560211181640625
mlp,ag,0.75,0.744,0.744,0.75,0.091,0.101,0.101,0.091,5.656,0.132,0.686,0.608,0.745,0.708,0.749,4.7e-05,30,3,1631.3226790428162,1017.4471294879913,6.010631854506004e-07,0.001560211181640625
xgb,k_center,0.75,0.74,0.74,0.75,0.091,0.101,0.101,0.091,7.442,0.044,0.692,0.632,0.774,0.746,0.764,1.7e-05,30,3,1631.3226790428162,1017.4471294879913,6.010631854506004e-07,0.0014247894287109375
rf,k_center,0.7,0.691,0.691,0.7,0.113,0.116,0.116,0.113,14.619,0.237,0.718,0.723,0.857,0.859,0.833,1.8e-05,30,3,1631.3226790428162,1017.4471294879913,6.010631854506004e-07,0.0014247894287109375
svc,k_center,0.633,0.591,0.591,0.633,0.113,0.16,0.16,0.113,5.348,0.003,0.561,0.298,0.3,0.298,0.329,9e-06,30,3,1631.3226790428162,1017.4471294879913,6.010631854506004e-07,0.0014247894287109375
logreg,k_center,0.6,0.573,0.573,0.6,0.082,0.095,0.095,0.082,7.312,0.006,0.547,0.374,0.436,0.387,0.632,0.0,30,3,1631.3226790428162,1017.4471294879913,6.010631854506004e-07,0.0014247894287109375
mlp,k_center,0.45,0.416,0.416,0.45,0.067,0.092,0.092,0.067,7.47,0.021,0.58,0.426,0.511,0.453,0.625,3.5e-05,30,3,1631.3226790428162,1017.4471294879913,6.010631854506004e-07,0.0014247894287109375
xgb,craig,0.683,0.677,0.684,0.7,0.111,0.12,0.127,0.125,4.485,0.046,0.654,0.531,0.649,0.593,0.736,2e-06,30,3,1631.3226790428162,1017.4471294879913,6.010631854506004e-07,0.001645803451538086
rf,craig,0.75,0.754,0.761,0.767,0.075,0.073,0.077,0.082,12.39,0.236,0.463,0.278,0.305,0.28,0.521,1.6e-05,30,3,1631.3226790428162,1017.4471294879913,6.010631854506004e-07,0.001645803451538086
svc,craig,0.758,0.741,0.749,0.767,0.14,0.152,0.146,0.133,7.001,0.001,0.476,0.302,0.342,0.307,0.514,5e-06,30,3,1631.3226790428162,1017.4471294879913,6.010631854506004e-07,0.001645803451538086
logreg,craig,0.717,0.703,0.71,0.733,0.163,0.175,0.179,0.17,6.523,0.005,0.521,0.231,0.201,0.234,0.636,0.0,30,3,1631.3226790428162,1017.4471294879913,6.010631854506004e-07,0.001645803451538086
mlp,craig,0.642,0.614,0.636,0.667,0.21,0.221,0.196,0.183,5.222,0.051,0.496,0.314,0.354,0.319,0.512,8.2e-05,30,3,1631.3226790428162,1017.4471294879913,6.010631854506004e-07,0.001645803451538086
xgb,lc,1.0,1.0,1.0,1.0,0.0,0.0,0.0,0.0,13.787,0.092,0.21,0.117,0.123,0.117,0.092,1.5e-05,30,3,1631.3226790428162,1017.4471294879913,6.010631854506004e-07,0.0035686492919921875
rf,lc,0.983,0.983,0.983,0.983,0.033,0.034,0.034,0.033,16.365,0.202,0.216,0.143,0.171,0.145,0.117,1.6e-05,30,3,1631.3226790428162,1017.4471294879913,6.010631854506004e-07,0.0035686492919921875
svc,lc,1.0,1.0,1.0,1.0,0.0,0.0,0.0,0.0,7.135,0.003,0.302,0.225,0.285,0.235,0.222,4e-06,30,3,1631.3226790428162,1017.4471294879913,6.010631854506004e-07,0.0035686492919921875
logreg,lc,1.0,1.0,1.0,1.0,0.0,0.0,0.0,0.0,3.844,0.006,0.281,0.199,0.245,0.204,0.189,1e-06,30,3,1631.3226790428162,1017.4471294879913,6.010631854506004e-07,0.0035686492919921875
mlp,lc,0.983,0.983,0.983,0.983,0.033,0.034,0.034,0.033,5.708,0.086,0.323,0.26,0.34,0.278,0.233,2.9e-05,30,3,1631.3226790428162,1017.4471294879913,6.010631854506004e-07,0.0035686492919921875
